Workbook

Sheet AD Level 1
A1: Train
A3: Model Name | B3: F1 | C3: Precision | D3: Recall | E3: T1 Recall | F3: T2 Recall | G3: T3 Recall | H3: T4 Recall | I3: T5 Recall | J3: T6 Recall | K3: T7 Recall
A4: mode1 | B4: 0.77441 | C4: 0.69829 | D4: 0.86916 | E4: 1 | F4: 1 | G4: 1 | H4: 0.88462 | I4: 0.33333 | J4: 0.7 | K4: 0.8
A5: mode2 | B5: 0.77239 | C5: 0.695 | D5: 0.86916 | E5: 1 | F5: 1 | G5: 1 | H5: 0.84615 | I5: 0.33333 | J5: 0.8 | K5: 0.8
A6: mode3 | B6: 0.769 | C6: 0.68377 | D6: 0.8785 | E6: 1 | F6: 1 | G6: 1 | H6: 0.88462 | I6: 0.33333 | J6: 0.8 | K6: 0.8
A7: mode4 | B7: 0.76727 | C7: 0.68676 | D7: 0.86916 | E7: 1 | F7: 1 | G7: 1 | H7: 0.84615 | I7: 0.33333 | J7: 0.8 | K7: 0.8
A9: Val
A11: Model Name | B11: F1 | C11: Precision | D11: Recall | E11: T1 Recall | F11: T2 Recall | G11: T3 Recall | H11: T4 Recall | I11: T5 Recall | J11: T6 Recall | K11: T7 Recall
A12: mode1 | B12: 0.68769 | C12: 0.63 | D12: 0.75701 | E12: 1 | F12: 1 | G12: 0.875 | H12: 0.65385 | I12: 0.33333 | J12: 0.4 | K12: 0.7
A13: mode2 | B13: 0.70483 | C13: 0.67425 | D13: 0.73832 | E13: 1 | F13: 1 | G13: 0.875 | H13: 0.61538 | I13: 0.33333 | J13: 0.4 | K13: 0.6
A14: mode3 | B14: 0.7202 | C14: 0.68681 | D14: 0.75701 | E14: 1 | F14: 1 | G14: 0.875 | H14: 0.69231 | I14: 0.22222 | J14: 0.4 | K14: 0.7
A15: mode4 | B15: 0.71103 | C15: 0.68569 | D15: 0.73832 | E15: 1 | F15: 1 | G15: 0.875 | H15: 0.65385 | I15: 0.22222 | J15: 0.4 | K15: 0.6
A17: Test
A19: Model Name | B19: F1 | C19: Precision | D19: Recall | E19: T1 Recall | F19: T2 Recall | G19: T3 Recall | H19: T4 Recall | I19: T5 Recall | J19: T6 Recall | K19: T7 Recall
A20: LSTM | B20: 0.77 | C20: 0.67 | D20: 0.96 | E20: 1 | F20: 1 | G20: 1 | H20: 1 | I20: 1 | J20: 0.67 | K20: -
A21: AE | B21: 0.59 | C21: 0.54 | D21: 0.76 | E21: 1 | F21: 0.88 | G21: 1 | H21: 0.57 | I21: 1 | J21: 0.31 | K21: -
A22: BiGAN | B22: 0.28 | C22: 0.9 | D22: 0.19 | E22: 0.59 | F22: 0 | G22: 0 | H22: 0.1 | I22: 0.17 | J22: 0.06 | K22: -
A23: mode1 | B23: 0.71205 | C23: 0.63335 | D23: 0.81308 | E23: 1 | F23: 1 | G23: 0.875 | H23: 0.61538 | I23: 0.77778 | J23: 0.7 | K23: 0.7
A24: mode2 | B24: 0.72395 | C24: 0.66499 | D24: 0.79439 | E24: 1 | F24: 1 | G24: 0.9375 | H24: 0.5 | I24: 0.77778 | J24: 0.7 | K24: 0.7
A25: mode3 | B25: 0.67414 | C25: 0.58054 | D25: 0.80374 | E25: 1 | F25: 1 | G25: 0.8125 | H25: 0.61538 | I25: 0.77778 | J25: 0.7 | K25: 0.7
A26: mode4 | B26: 0.71567 | C26: 0.65114 | D26: 0.79439 | E26: 1 | F26: 1 | G26: 0.9375 | H26: 0.5 | I26: 0.77778 | J26: 0.7 | K26: 0.7

Sheet AD Level 2
A1: Train
A3: Model Name | B3: F1 | C3: Precision | D3: Recall | E3: T1 Recall | F3: T2 Recall | G3: T3 Recall | H3: T4 Recall | I3: T5 Recall | J3: T6 Recall | K3: T7 Recall
A4: mode1 | B4: 0.74683 | C4: 0.69829 | D4: 0.80262 | E4: 0.9603 | F4: 0.9819 | G4: 0.93715 | H4: 0.83437 | I4: 0.22778 | J4: 0.50437 | K4: 0.73761
A5: mode2 | B5: 0.73947 | C5: 0.695 | D5: 0.79001 | E5: 0.95806 | F5: 0.97143 | G5: 0.93773 | H5: 0.79332 | I5: 0.20556 | J5: 0.51372 | K5: 0.73297
A6: mode3 | B6: 0.73922 | C6: 0.68377 | D6: 0.80447 | E6: 0.96 | F6: 0.98149 | G6: 0.93339 | H6: 0.82852 | I6: 0.22778 | J6: 0.59726 | K6: 0.68692
A7: mode4 | B7: 0.73398 | C7: 0.68676 | D7: 0.78818 | E7: 0.95806 | F7: 0.91567 | G7: 0.94095 | H7: 0.7883 | I7: 0.20556 | J7: 0.57754 | K7: 0.69651
A9: Val
A11: Model Name | B11: F1 | C11: Precision | D11: Recall | E11: T1 Recall | F11: T2 Recall | G11: T3 Recall | H11: T4 Recall | I11: T5 Recall | J11: T6 Recall | K11: T7 Recall
A12: mode1 | B12: 0.65544 | C12: 0.63 | D12: 0.68301 | E12: 0.96544 | F12: 0.97487 | G12: 0.69572 | H12: 0.60579 | I12: 0.33333 | J12: 0.31061 | K12: 0.52721
A13: mode2 | B13: 0.67037 | C13: 0.67425 | D13: 0.66652 | E13: 0.96282 | F13: 0.96261 | G13: 0.69762 | H13: 0.5603 | I13: 0.33333 | J13: 0.29318 | K13: 0.49963
A14: mode3 | B14: 0.67432 | C14: 0.68681 | D14: 0.66228 | E14: 0.94758 | F14: 0.96466 | G14: 0.68984 | H14: 0.64439 | I14: 0.19444 | J14: 0.31061 | K14: 0.39839
A15: mode4 | B15: 0.6662 | C15: 0.68569 | D15: 0.64779 | E15: 0.94548 | F15: 0.95751 | G15: 0.69462 | H15: 0.5989 | I15: 0.22222 | J15: 0.27652 | K15: 0.37414
A17: Test
A19: Model Name | B19: F1 | C19: Precision | D19: Recall | E19: T1 Recall | F19: T2 Recall | G19: T3 Recall | H19: T4 Recall | I19: T5 Recall | J19: T6 Recall | K19: T7 Recall
A20: LSTM | B20: 0.38 | C20: 0.67 | D20: 0.29 | E20: 0.42 | F20: 0.11 | G20: 0.55 | H20: 0.16 | I20: 0.6 | J20: 0.1 | K20: -
A21: AE | B21: 0.52 | C21: 0.54 | D21: 0.6 | E21: 0.97 | F21: 0.15 | G21: 0.67 | H21: 0.4 | I21: 1 | J21: 0.15 | K21: -
A22: BiGAN | B22: 0.17 | C22: 0.9 | D22: 0.1 | E22: 0.3 | F22: 0 | G22: 0 | H22: 0.06 | I22: 0.17 | J22: 0 | K22: -
A23: mode1 | B23: 0.67329 | C23: 0.63335 | D23: 0.7186 | E23: 0.96348 | F23: 0.97502 | G23: 0.71119 | H23: 0.52584 | I23: 0.64444 | J23: 0.57325 | K23: 0.55405
A24: mode2 | B24: 0.67536 | C24: 0.66499 | D24: 0.68607 | E24: 0.96196 | F24: 0.96363 | G24: 0.73939 | H24: 0.40055 | I24: 0.6 | J24: 0.55395 | K24: 0.5583
A25: mode3 | B25: 0.63648 | C25: 0.58054 | D25: 0.70435 | E25: 0.96146 | F25: 0.89315 | G25: 0.68428 | H25: 0.51189 | I25: 0.64444 | J25: 0.5731 | K25: 0.54426
A26: mode4 | B26: 0.66219 | C26: 0.65114 | D26: 0.67362 | E26: 0.96178 | F26: 0.88543 | G26: 0.72435 | H26: 0.38616 | I26: 0.6 | J26: 0.5538 | K26: 0.54195

Sheet AD Level 3
A1: Train
A3: Model Name | B3: F1 | C3: Precision | D3: Recall | E3: T1 Recall | F3: T2 Recall | G3: T3 Recall | H3: T4 Recall | I3: T5 Recall | J3: T6 Recall | K3: T7 Recall
A4: mode1 | B4: 0.71331 | C4: 0.69829 | D4: 0.72899 | E4: 0.9257 | F4: 0.89289 | G4: 0.81866 | H4: 0.77251 | I4: 0.17302 | J4: 0.37504 | K4: 0.64149
A5: mode2 | B5: 0.7003 | C5: 0.695 | D5: 0.70567 | E5: 0.90837 | F5: 0.86962 | G5: 0.79518 | H5: 0.72536 | I5: 0.15635 | J5: 0.37803 | K5: 0.6307
A6: mode3 | B6: 0.71502 | C6: 0.68377 | D6: 0.74927 | E6: 0.93132 | F6: 0.91706 | G6: 0.86243 | H6: 0.77378 | I6: 0.19222 | J6: 0.46544 | K6: 0.64425
A7: mode4 | B7: 0.70376 | C7: 0.68676 | D7: 0.72163 | E7: 0.90837 | F7: 0.85405 | G7: 0.85843 | H7: 0.72704 | I7: 0.16111 | J7: 0.43857 | K7: 0.642
A9: Val
A11: Model Name | B11: F1 | C11: Precision | D11: Recall | E11: T1 Recall | F11: T2 Recall | G11: T3 Recall | H11: T4 Recall | I11: T5 Recall | J11: T6 Recall | K11: T7 Recall
A12: mode1 | B12: 0.61299 | C12: 0.63 | D12: 0.59688 | E12: 0.92544 | F12: 0.82551 | G12: 0.48254 | H12: 0.52656 | I12: 0.30556 | J12: 0.25272 | K12: 0.45615
A13: mode2 | B13: 0.62084 | C13: 0.67425 | D13: 0.57526 | E13: 0.90845 | F13: 0.78983 | G13: 0.48121 | H13: 0.48843 | I13: 0.29167 | J13: 0.23699 | K13: 0.4286
A14: mode3 | B14: 0.63768 | C14: 0.68681 | D14: 0.59511 | E14: 0.90028 | F14: 0.91473 | G14: 0.56347 | H14: 0.57607 | I14: 0.15 | J14: 0.26981 | K14: 0.31239
A15: mode4 | B15: 0.62866 | C15: 0.68569 | D15: 0.58039 | E15: 0.87848 | F15: 0.88391 | G15: 0.57201 | H15: 0.53721 | I15: 0.22222 | J15: 0.2379 | K15: 0.29404
A17: Test
A19: Model Name | B19: F1 | C19: Precision | D19: Recall | E19: T1 Recall | F19: T2 Recall | G19: T3 Recall | H19: T4 Recall | I19: T5 Recall | J19: T6 Recall | K19: T7 Recall
A20: LSTM | B20: 0.29 | C20: 0.67 | D20: 0.2 | E20: 0.27 | F20: 0.04 | G20: 0.37 | H20: 0.1 | I20: 0.58 | J20: 0.08 | K20: -
A21: AE | B21: 0.51 | C21: 0.54 | D21: 0.57 | E21: 0.96 | F21: 0.06 | G21: 0.62 | H21: 0.37 | I21: 1 | J21: 0.14 | K21: -
A22: BiGAN | B22: 0.14 | C22: 0.9 | D22: 0.08 | E22: 0.23 | F22: 0 | G22: 0 | H22: 0.05 | I22: 0.17 | J22: 0 | K22: -
A23: mode1 | B23: 0.6291 | C23: 0.63335 | D23: 0.6249 | E23: 0.85086 | F23: 0.84379 | G23: 0.64684 | H23: 0.43641 | I23: 0.56825 | J23: 0.47102 | K23: 0.47619
A24: mode2 | B24: 0.61991 | C24: 0.66499 | D24: 0.58056 | E24: 0.81337 | F24: 0.81892 | G24: 0.66468 | H24: 0.31366 | I24: 0.55556 | J24: 0.44685 | K24: 0.45413
A25: mode3 | B25: 0.61089 | C25: 0.58054 | D25: 0.6446 | E25: 0.9248 | F25: 0.81978 | G25: 0.62295 | H25: 0.44074 | I25: 0.56825 | J25: 0.49686 | K25: 0.49049
A26: mode4 | B26: 0.62911 | C26: 0.65114 | D26: 0.60853 | E26: 0.91424 | F26: 0.79247 | G26: 0.6491 | H26: 0.316 | I26: 0.55556 | J26: 0.47278 | K26: 0.47233

Sheet AD Level 4
A1: Train
A3: Model Name | B3: F1 | C3: Precision | D3: Recall | E3: T1 Recall | F3: T2 Recall | G3: T3 Recall | H3: T4 Recall | I3: T5 Recall | J3: T6 Recall | K3: T7 Recall
A4: mode1 | B4: 0.6681 | C4: 0.67428 | D4: 0.66202 | E4: 0.89771 | F4: 0.679 | G4: 0.69658 | H4: 0.761 | I4: 0.13889 | J4: 0.31977 | K4: 0.4671
A5: mode2 | B5: 0.65527 | C5: 0.66866 | D5: 0.64241 | E5: 0.90837 | F5: 0.66409 | G5: 0.62177 | H5: 0.7139 | I5: 0.13889 | J5: 0.325 | K5: 0.47366
A6: mode3 | B6: 0.69063 | C6: 0.66252 | D6: 0.72124 | E6: 0.93132 | F6: 0.80833 | G6: 0.81403 | H6: 0.761 | I6: 0.19222 | J6: 0.41431 | K6: 0.5822
A7: mode4 | B7: 0.6767 | C7: 0.66636 | D7: 0.68736 | E7: 0.90837 | F7: 0.78103 | G7: 0.75593 | H7: 0.7139 | I7: 0.16111 | J7: 0.38615 | K7: 0.57693
A9: Val
A11: Model Name | B11: F1 | C11: Precision | D11: Recall | E11: T1 Recall | F11: T2 Recall | G11: T3 Recall | H11: T4 Recall | I11: T5 Recall | J11: T6 Recall | K11: T7 Recall
A12: mode1 | B12: 0.53301 | C12: 0.60221 | D12: 0.47808 | E12: 0.864 | F12: 0.38444 | G12: 0.20111 | H12: 0.44258 | I12: 0.22222 | J12: 0.21212 | K12: 0.45615
A13: mode2 | B13: 0.53109 | C13: 0.63633 | D13: 0.45573 | E13: 0.88014 | F13: 0.22963 | G13: 0.19887 | H13: 0.40406 | I13: 0.22222 | J13: 0.20478 | K13: 0.38959
A14: mode3 | B14: 0.58031 | C14: 0.64604 | D14: 0.52672 | E14: 0.83888 | F14: 0.79225 | G14: 0.38861 | H14: 0.55796 | I14: 0.11111 | J14: 0.26981 | K14: 0.20633
A15: mode4 | B15: 0.58464 | C15: 0.64656 | D15: 0.53355 | E15: 0.85061 | F15: 0.76336 | G15: 0.48156 | H15: 0.51945 | I15: 0.22222 | J15: 0.20478 | K15: 0.18199
A17: Test
A19: Model Name | B19: F1 | C19: Precision | D19: Recall | E19: T1 Recall | F19: T2 Recall | G19: T3 Recall | H19: T4 Recall | I19: T5 Recall | J19: T6 Recall | K19: T7 Recall
A20: LSTM | B20: 0.13 | C20: 0.67 | D20: 0.08 | E20: 0 | F20: 0 | G20: 0.07 | H20: 0 | I20: 0.58 | J20: 0.06 | K20: -
A21: AE | B21: 0.49 | C21: 0.52 | D21: 0.56 | E21: 0.94 | F21: 0.06 | G21: 0.58 | H21: 0.37 | I21: 1 | J21: 0.14 | K21: -
A22: BiGAN | B22: 0.14 | C22: 0.86 | D22: 0.08 | E22: 0.23 | F22: 0 | G22: 0 | H22: 0.05 | I22: 0.17 | J22: 0 | K22: -
A23: mode1 | B23: 0.52117 | C23: 0.61131 | D23: 0.45419 | E23: 0.57536 | F23: 0.38493 | G23: 0.4655 | H23: 0.3621 | I23: 0.56825 | J23: 0.40254 | K23: 0.32161
A24: mode2 | B24: 0.51785 | C24: 0.64273 | D24: 0.43361 | E24: 0.55687 | F24: 0.36527 | G24: 0.58518 | H24: 0.25469 | I24: 0.55556 | J24: 0.37832 | K24: 0.29217
A25: mode3 | B25: 0.57369 | C25: 0.54815 | D25: 0.60172 | E25: 0.8688 | F25: 0.78921 | G25: 0.57014 | H25: 0.40375 | I25: 0.56825 | J25: 0.40254 | K25: 0.49049
A26: mode4 | B26: 0.59193 | C26: 0.61831 | D26: 0.5677 | E26: 0.85977 | F26: 0.7621 | G26: 0.61642 | H26: 0.29439 | I26: 0.55556 | J26: 0.37832 | K26: 0.41762

Sheet Overall AD Performance
A1: Train
A3: Model Name | B3: F1 | C3: Precision | D3: Recall | E3: T1 Recall | F3: T2 Recall | G3: T3 Recall | H3: T4 Recall | I3: T5 Recall | J3: T6 Recall | K3: T7 Recall
A4: mode1 | B4: 0.74328 | C4: 0.69589 | D4: 0.80045 | E4: 0.963 | F4: 0.94105 | G4: 0.91453 | H4: 0.83476 | I4: 0.25016 | J4: 0.5383 | K4: 0.71629
A5: mode2 | B5: 0.73638 | C5: 0.69237 | D5: 0.79004 | E5: 0.95993 | F5: 0.93176 | G5: 0.90253 | H5: 0.79292 | I5: 0.24016 | J5: 0.58222 | K5: 0.71339
A6: mode3 | B6: 0.74143 | C6: 0.68164 | D6: 0.81472 | E6: 0.9674 | F6: 0.95869 | G6: 0.93391 | H6: 0.83326 | I6: 0.25933 | J6: 0.6337 | K6: 0.71315
A7: mode4 | B7: 0.73552 | C7: 0.68472 | D7: 0.79718 | E7: 0.95993 | F7: 0.92361 | G7: 0.92956 | H7: 0.79175 | I7: 0.24333 | J7: 0.61959 | K7: 0.71504
A9: Val
A11: Model Name | B11: F1 | C11: Precision | D11: Recall | E11: T1 Recall | F11: T2 Recall | G11: T3 Recall | H11: T4 Recall | I11: T5 Recall | J11: T6 Recall | K11: T7 Recall
A12: mode1 | B12: 0.64761 | C12: 0.62722 | D12: 0.67489 | E12: 0.96112 | F12: 0.89601 | G12: 0.67534 | H12: 0.59285 | I12: 0.31667 | J12: 0.32494 | K12: 0.57501
A13: mode2 | B13: 0.66032 | C13: 0.67046 | D13: 0.65591 | E13: 0.95855 | F13: 0.86971 | G13: 0.67541 | H13: 0.55234 | I13: 0.31389 | J13: 0.31583 | K13: 0.51457
A14: mode3 | B14: 0.67594 | C14: 0.68273 | D14: 0.67318 | E14: 0.94822 | F14: 0.95157 | G14: 0.70851 | H14: 0.64125 | I14: 0.18833 | J14: 0.33413 | K14: 0.48263
A15: mode4 | B15: 0.66847 | C15: 0.68178 | D15: 0.6591 | E15: 0.9444 | F15: 0.94037 | G15: 0.72094 | H15: 0.60059 | I15: 0.22222 | J15: 0.31101 | K15: 0.42925
A17: Test
A19: Model Name | B19: F1 | C19: Precision | D19: Recall | E19: T1 Recall | F19: T2 Recall | G19: T3 Recall | H19: T4 Recall | I19: T5 Recall | J19: T6 Recall | K19: T7 Recall
A20: LSTM | B20: =SUM(PRODUCT('AD Level 1'!B20, 0.4), PRODUCT('AD Level 2'!B20, 0.3), PRODUCT('AD Level 3'!B20, 0.2), PRODUCT('AD Level 4'!B20, 0.1)) -> 0.493 | C20: =SUM(PRODUCT('AD Level 1'!C20, 0.4), PRODUCT('AD Level 2'!C20, 0.3), PRODUCT('AD Level 3'!C20, 0.2), PRODUCT('AD Level 4'!C20, 0.1)) -> 0.67 | D20: =SUM(PRODUCT('AD Level 1'!D20, 0.4), PRODUCT('AD Level 2'!D20, 0.3), PRODUCT('AD Level 3'!D20, 0.2), PRODUCT('AD Level 4'!D20, 0.1)) -> 0.519 | E20: =SUM(PRODUCT('AD Level 1'!E20, 0.4), PRODUCT('AD Level 2'!E20, 0.3), PRODUCT('AD Level 3'!E20, 0.2), PRODUCT('AD Level 4'!E20, 0.1)) -> 0.58 | F20: =SUM(PRODUCT('AD Level 1'!F20, 0.4), PRODUCT('AD Level 2'!F20, 0.3), PRODUCT('AD Level 3'!F20, 0.2), PRODUCT('AD Level 4'!F20, 0.1)) -> 0.441 | G20: =SUM(PRODUCT('AD Level 1'!G20, 0.4), PRODUCT('AD Level 2'!G20, 0.3), PRODUCT('AD Level 3'!G20, 0.2), PRODUCT('AD Level 4'!G20, 0.1)) -> 0.646 | H20: =SUM(PRODUCT('AD Level 1'!H20, 0.4), PRODUCT('AD Level 2'!H20, 0.3), PRODUCT('AD Level 3'!H20, 0.2), PRODUCT('AD Level 4'!H20, 0.1)) -> 0.468 | I20: =SUM(PRODUCT('AD Level 1'!I20, 0.4), PRODUCT('AD Level 2'!I20, 0.3), PRODUCT('AD Level 3'!I20, 0.2), PRODUCT('AD Level 4'!I20, 0.1)) -> 0.754 | J20: =SUM(PRODUCT('AD Level 1'!J20, 0.4), PRODUCT('AD Level 2'!J20, 0.3), PRODUCT('AD Level 3'!J20, 0.2), PRODUCT('AD Level 4'!J20, 0.1)) -> 0.32 | K20: -
A21: AE | B21: =SUM(PRODUCT('AD Level 1'!B21, 0.4), PRODUCT('AD Level 2'!B21, 0.3), PRODUCT('AD Level 3'!B21, 0.2), PRODUCT('AD Level 4'!B21, 0.1)) -> 0.543 | C21: =SUM(PRODUCT('AD Level 1'!C21, 0.4), PRODUCT('AD Level 2'!C21, 0.3), PRODUCT('AD Level 3'!C21, 0.2), PRODUCT('AD Level 4'!C21, 0.1)) -> 0.538 | D21: =SUM(PRODUCT('AD Level 1'!D21, 0.4), PRODUCT('AD Level 2'!D21, 0.3), PRODUCT('AD Level 3'!D21, 0.2), PRODUCT('AD Level 4'!D21, 0.1)) -> 0.654 | E21: =SUM(PRODUCT('AD Level 1'!E21, 0.4), PRODUCT('AD Level 2'!E21, 0.3), PRODUCT('AD Level 3'!E21, 0.2), PRODUCT('AD Level 4'!E21, 0.1)) -> 0.977 | F21: =SUM(PRODUCT('AD Level 1'!F21, 0.4), PRODUCT('AD Level 2'!F21, 0.3), PRODUCT('AD Level 3'!F21, 0.2), PRODUCT('AD Level 4'!F21, 0.1)) -> 0.415 | G21: =SUM(PRODUCT('AD Level 1'!G21, 0.4), PRODUCT('AD Level 2'!G21, 0.3), PRODUCT('AD Level 3'!G21, 0.2), PRODUCT('AD Level 4'!G21, 0.1)) -> 0.783 | H21: =SUM(PRODUCT('AD Level 1'!H21, 0.4), PRODUCT('AD Level 2'!H21, 0.3), PRODUCT('AD Level 3'!H21, 0.2), PRODUCT('AD Level 4'!H21, 0.1)) -> 0.459 | I21: =SUM(PRODUCT('AD Level 1'!I21, 0.4), PRODUCT('AD Level 2'!I21, 0.3), PRODUCT('AD Level 3'!I21, 0.2), PRODUCT('AD Level 4'!I21, 0.1)) -> 1 | J21: =SUM(PRODUCT('AD Level 1'!J21, 0.4), PRODUCT('AD Level 2'!J21, 0.3), PRODUCT('AD Level 3'!J21, 0.2), PRODUCT('AD Level 4'!J21, 0.1)) -> 0.211 | K21: -
A22: BiGAN | B22: =SUM(PRODUCT('AD Level 1'!B22, 0.4), PRODUCT('AD Level 2'!B22, 0.3), PRODUCT('AD Level 3'!B22, 0.2), PRODUCT('AD Level 4'!B22, 0.1)) -> 0.205 | C22: =SUM(PRODUCT('AD Level 1'!C22, 0.4), PRODUCT('AD Level 2'!C22, 0.3), PRODUCT('AD Level 3'!C22, 0.2), PRODUCT('AD Level 4'!C22, 0.1)) -> 0.896 | D22: =SUM(PRODUCT('AD Level 1'!D22, 0.4), PRODUCT('AD Level 2'!D22, 0.3), PRODUCT('AD Level 3'!D22, 0.2), PRODUCT('AD Level 4'!D22, 0.1)) -> 0.13 | E22: =SUM(PRODUCT('AD Level 1'!E22, 0.4), PRODUCT('AD Level 2'!E22, 0.3), PRODUCT('AD Level 3'!E22, 0.2), PRODUCT('AD Level 4'!E22, 0.1)) -> 0.395 | F22: =SUM(PRODUCT('AD Level 1'!F22, 0.4), PRODUCT('AD Level 2'!F22, 0.3), PRODUCT('AD Level 3'!F22, 0.2), PRODUCT('AD Level 4'!F22, 0.1)) -> 0 | G22: =SUM(PRODUCT('AD Level 1'!G22, 0.4), PRODUCT('AD Level 2'!G22, 0.3), PRODUCT('AD Level 3'!G22, 0.2), PRODUCT('AD Level 4'!G22, 0.1)) -> 0 | H22: =SUM(PRODUCT('AD Level 1'!H22, 0.4), PRODUCT('AD Level 2'!H22, 0.3), PRODUCT('AD Level 3'!H22, 0.2), PRODUCT('AD Level 4'!H22, 0.1)) -> 0.073 | I22: =SUM(PRODUCT('AD Level 1'!I22, 0.4), PRODUCT('AD Level 2'!I22, 0.3), PRODUCT('AD Level 3'!I22, 0.2), PRODUCT('AD Level 4'!I22, 0.1)) -> 0.17 | J22: =SUM(PRODUCT('AD Level 1'!J22, 0.4), PRODUCT('AD Level 2'!J22, 0.3), PRODUCT('AD Level 3'!J22, 0.2), PRODUCT('AD Level 4'!J22, 0.1)) -> 0.024 | K22: -
A23: mode1 | B23: =SUM(PRODUCT('AD Level 1'!B23, 0.4), PRODUCT('AD Level 2'!B23, 0.3), PRODUCT('AD Level 3'!B23, 0.2), PRODUCT('AD Level 4'!B23, 0.1)) -> 0.664744 | C23: =SUM(PRODUCT('AD Level 1'!C23, 0.4), PRODUCT('AD Level 2'!C23, 0.3), PRODUCT('AD Level 3'!C23, 0.2), PRODUCT('AD Level 4'!C23, 0.1)) -> 0.631146 | D23: =SUM(PRODUCT('AD Level 1'!D23, 0.4), PRODUCT('AD Level 2'!D23, 0.3), PRODUCT('AD Level 3'!D23, 0.2), PRODUCT('AD Level 4'!D23, 0.1)) -> 0.711211 | E23: =SUM(PRODUCT('AD Level 1'!E23, 0.4), PRODUCT('AD Level 2'!E23, 0.3), PRODUCT('AD Level 3'!E23, 0.2), PRODUCT('AD Level 4'!E23, 0.1)) -> 0.916752 | F23: =SUM(PRODUCT('AD Level 1'!F23, 0.4), PRODUCT('AD Level 2'!F23, 0.3), PRODUCT('AD Level 3'!F23, 0.2), PRODUCT('AD Level 4'!F23, 0.1)) -> 0.899757 | G23: =SUM(PRODUCT('AD Level 1'!G23, 0.4), PRODUCT('AD Level 2'!G23, 0.3), PRODUCT('AD Level 3'!G23, 0.2), PRODUCT('AD Level 4'!G23, 0.1)) -> 0.739275 | H23: =SUM(PRODUCT('AD Level 1'!H23, 0.4), PRODUCT('AD Level 2'!H23, 0.3), PRODUCT('AD Level 3'!H23, 0.2), PRODUCT('AD Level 4'!H23, 0.1)) -> 0.527396 | I23: =SUM(PRODUCT('AD Level 1'!I23, 0.4), PRODUCT('AD Level 2'!I23, 0.3), PRODUCT('AD Level 3'!I23, 0.2), PRODUCT('AD Level 4'!I23, 0.1)) -> 0.674919 | ... K23: =SUM(PRODUCT('AD Level 1'!K23, 0.4), PRODUCT('AD Level 2'!K23, 0.3), PRODUCT('AD Level 3'!K23, 0.2), PRODUCT('AD Level 4'!K23, 0.1)) -> 0.573614
A24: mode2 | B24: =SUM(PRODUCT('AD Level 1'!B24, 0.4), PRODUCT('AD Level 2'!B24, 0.3), PRODUCT('AD Level 3'!B24, 0.2), PRODUCT('AD Level 4'!B24, 0.1)) -> 0.667955 | C24: =SUM(PRODUCT('AD Level 1'!C24, 0.4), PRODUCT('AD Level 2'!C24, 0.3), PRODUCT('AD Level 3'!C24, 0.2), PRODUCT('AD Level 4'!C24, 0.1)) -> 0.662764 | D24: =SUM(PRODUCT('AD Level 1'!D24, 0.4), PRODUCT('AD Level 2'!D24, 0.3), PRODUCT('AD Level 3'!D24, 0.2), PRODUCT('AD Level 4'!D24, 0.1)) -> 0.68305 | E24: =SUM(PRODUCT('AD Level 1'!E24, 0.4), PRODUCT('AD Level 2'!E24, 0.3), PRODUCT('AD Level 3'!E24, 0.2), PRODUCT('AD Level 4'!E24, 0.1)) -> 0.906949 | F24: =SUM(PRODUCT('AD Level 1'!F24, 0.4), PRODUCT('AD Level 2'!F24, 0.3), PRODUCT('AD Level 3'!F24, 0.2), PRODUCT('AD Level 4'!F24, 0.1)) -> 0.8894 | G24: =SUM(PRODUCT('AD Level 1'!G24, 0.4), PRODUCT('AD Level 2'!G24, 0.3), PRODUCT('AD Level 3'!G24, 0.2), PRODUCT('AD Level 4'!G24, 0.1)) -> 0.788271 | H24: =SUM(PRODUCT('AD Level 1'!H24, 0.4), PRODUCT('AD Level 2'!H24, 0.3), PRODUCT('AD Level 3'!H24, 0.2), PRODUCT('AD Level 4'!H24, 0.1)) -> 0.408366 | I24: =SUM(PRODUCT('AD Level 1'!I24, 0.4), PRODUCT('AD Level 2'!I24, 0.3), PRODUCT('AD Level 3'!I24, 0.2), PRODUCT('AD Level 4'!I24, 0.1)) -> 0.65778 | ... K24: =SUM(PRODUCT('AD Level 1'!K24, 0.4), PRODUCT('AD Level 2'!K24, 0.3), PRODUCT('AD Level 3'!K24, 0.2), PRODUCT('AD Level 4'!K24, 0.1)) -> 0.567533
A25: mode3 | B25: =SUM(PRODUCT('AD Level 1'!B25, 0.4), PRODUCT('AD Level 2'!B25, 0.3), PRODUCT('AD Level 3'!B25, 0.2), PRODUCT('AD Level 4'!B25, 0.1)) -> 0.640147 | C25: =SUM(PRODUCT('AD Level 1'!C25, 0.4), PRODUCT('AD Level 2'!C25, 0.3), PRODUCT('AD Level 3'!C25, 0.2), PRODUCT('AD Level 4'!C25, 0.1)) -> 0.577301 | D25: =SUM(PRODUCT('AD Level 1'!D25, 0.4), PRODUCT('AD Level 2'!D25, 0.3), PRODUCT('AD Level 3'!D25, 0.2), PRODUCT('AD Level 4'!D25, 0.1)) -> 0.721893 | E25: =SUM(PRODUCT('AD Level 1'!E25, 0.4), PRODUCT('AD Level 2'!E25, 0.3), PRODUCT('AD Level 3'!E25, 0.2), PRODUCT('AD Level 4'!E25, 0.1)) -> 0.960278 | F25: =SUM(PRODUCT('AD Level 1'!F25, 0.4), PRODUCT('AD Level 2'!F25, 0.3), PRODUCT('AD Level 3'!F25, 0.2), PRODUCT('AD Level 4'!F25, 0.1)) -> 0.910822 | G25: =SUM(PRODUCT('AD Level 1'!G25, 0.4), PRODUCT('AD Level 2'!G25, 0.3), PRODUCT('AD Level 3'!G25, 0.2), PRODUCT('AD Level 4'!G25, 0.1)) -> 0.711888 | H25: =SUM(PRODUCT('AD Level 1'!H25, 0.4), PRODUCT('AD Level 2'!H25, 0.3), PRODUCT('AD Level 3'!H25, 0.2), PRODUCT('AD Level 4'!H25, 0.1)) -> 0.528242 | I25: =SUM(PRODUCT('AD Level 1'!I25, 0.4), PRODUCT('AD Level 2'!I25, 0.3), PRODUCT('AD Level 3'!I25, 0.2), PRODUCT('AD Level 4'!I25, 0.1)) -> 0.674919 | ... K25: =SUM(PRODUCT('AD Level 1'!K25, 0.4), PRODUCT('AD Level 2'!K25, 0.3), PRODUCT('AD Level 3'!K25, 0.2), PRODUCT('AD Level 4'!K25, 0.1)) -> 0.590425
A26: mode4 | B26: =SUM(PRODUCT('AD Level 1'!B26, 0.4), PRODUCT('AD Level 2'!B26, 0.3), PRODUCT('AD Level 3'!B26, 0.2), PRODUCT('AD Level 4'!B26, 0.1)) -> 0.66994 | C26: =SUM(PRODUCT('AD Level 1'!C26, 0.4), PRODUCT('AD Level 2'!C26, 0.3), PRODUCT('AD Level 3'!C26, 0.2), PRODUCT('AD Level 4'!C26, 0.1)) -> 0.647857 | D26: =SUM(PRODUCT('AD Level 1'!D26, 0.4), PRODUCT('AD Level 2'!D26, 0.3), PRODUCT('AD Level 3'!D26, 0.2), PRODUCT('AD Level 4'!D26, 0.1)) -> 0.698318 | E26: =SUM(PRODUCT('AD Level 1'!E26, 0.4), PRODUCT('AD Level 2'!E26, 0.3), PRODUCT('AD Level 3'!E26, 0.2), PRODUCT('AD Level 4'!E26, 0.1)) -> 0.957359 | F26: =SUM(PRODUCT('AD Level 1'!F26, 0.4), PRODUCT('AD Level 2'!F26, 0.3), PRODUCT('AD Level 3'!F26, 0.2), PRODUCT('AD Level 4'!F26, 0.1)) -> 0.900333 | G26: =SUM(PRODUCT('AD Level 1'!G26, 0.4), PRODUCT('AD Level 2'!G26, 0.3), PRODUCT('AD Level 3'!G26, 0.2), PRODUCT('AD Level 4'!G26, 0.1)) -> 0.783767 | H26: =SUM(PRODUCT('AD Level 1'!H26, 0.4), PRODUCT('AD Level 2'!H26, 0.3), PRODUCT('AD Level 3'!H26, 0.2), PRODUCT('AD Level 4'!H26, 0.1)) -> 0.408487 | I26: =SUM(PRODUCT('AD Level 1'!I26, 0.4), PRODUCT('AD Level 2'!I26, 0.3), PRODUCT('AD Level 3'!I26, 0.2), PRODUCT('AD Level 4'!I26, 0.1)) -> 0.65778 | ... K26: =SUM(PRODUCT('AD Level 1'!K26, 0.4), PRODUCT('AD Level 2'!K26, 0.3), PRODUCT('AD Level 3'!K26, 0.2), PRODUCT('AD Level 4'!K26, 0.1)) -> 0.578813
