Workbook

Sheet AD Level 1
A1: Train
A3: Model Name | B3: F1 | C3: Precision | D3: Recall | E3: T1 F1 | F3: T1 Precision | G3: T1 Recall | H3: T2 F1 | I3: T2 Precision | J3: T2 Recall | K3: T3 F1 | L3: T3 Precision | M3: T3 Recall | N3: T4 F1 | O3: T4 Precision | P3: T4 Recall | Q3: T5 F1 | R3: T5 Precision | S3: T5 Recall | T3: T6 F1 | U3: T6 Precision | V3: T6 Recall | W3: T7 F1 | X3: T7 Precision | Y3: T7 Recall
A4: mode1 | B4: 0.68153 | C4: 0.59675 | D4: 0.79439 | E4: 0.83915 | F4: 0.72287 | G4: 1 | H4: 0.78904 | I4: 0.65159 | J4: 1 | K4: 0.87207 | L4: 0.77316 | M4: 1 | N4: 0.41331 | O4: 0.26965 | P4: 0.88462 | Q4: 0.19608 | R4: 0.83333 | S4: 0.11111 | T4: 0.35895 | U4: 0.44672 | V4: 0.3 | W4: 0.60732 | X4: 0.61481 | Y4: 0.6
A5: mode2 | B5: 0.67831 | C5: 0.59184 | D5: 0.79439 | E5: 0.80309 | F5: 0.67097 | G5: 1 | H5: 0.8399 | I5: 0.72399 | J5: 1 | K5: 0.84507 | L5: 0.73171 | M5: 1 | N5: 0.41617 | O5: 0.27594 | P5: 0.84615 | Q5: 0.19048 | R5: 0.66667 | S5: 0.11111 | T5: 0.44116 | U5: 0.49177 | V5: 0.4 | W5: 0.60831 | X5: 0.61686 | Y5: 0.6
A6: mode3 | B6: 0.67502 | C6: 0.60905 | D6: 0.75701 | E6: 0.82715 | F6: 0.70524 | G6: 1 | H6: 0.76423 | I6: 0.68948 | J6: 0.85714 | K6: 0.83278 | L6: 0.79445 | M6: 0.875 | N6: 0.46362 | O6: 0.31412 | P6: 0.88462 | Q6: 0.2 | R6: 1 | S6: 0.11111 | T6: 0.39993 | U6: 0.5997 | V6: 0.3 | W6: 0.53125 | X6: 0.56667 | Y6: 0.5
A7: mode4 | B7: 0.64939 | C7: 0.59165 | D7: 0.71963 | E7: 0.81443 | F7: 0.68695 | G7: 1 | H7: 0.67795 | I7: 0.64512 | J7: 0.71429 | K7: 0.7412 | L7: 0.68141 | M7: 0.8125 | N7: 0.47429 | O7: 0.32949 | P7: 0.84615 | Q7: 0 | R7: 0 | S7: 0 | T7: 0.39224 | U7: 0.56637 | V7: 0.3 | W7: 0.53226 | X7: 0.56897 | Y7: 0.5
A9: Val
A11: Model Name | B11: F1 | C11: Precision | D11: Recall | E11: T1 F1 | F11: T1 Precision | G11: T1 Recall | H11: T2 F1 | I11: T2 Precision | J11: T2 Recall | K11: T3 F1 | L11: T3 Precision | M11: T3 Recall | N11: T4 F1 | O11: T4 Precision | P11: T4 Recall | Q11: T5 F1 | R11: T5 Precision | S11: T5 Recall | T11: T6 F1 | U11: T6 Precision | V11: T6 Recall | W11: T7 F1 | X11: T7 Precision | Y11: T7 Recall
A12: mode1 | B12: 0.48572 | C12: 0.43403 | D12: 0.5514 | E12: 0.65566 | F12: 0.54288 | G12: 0.82759 | H12: 0.57973 | I12: 0.40819 | J12: 1 | K12: 0.82832 | L12: 0.92492 | M12: 0.75 | N12: 0.23635 | O12: 0.15141 | P12: 0.53846 | Q12: 0 | R12: 0 | S12: 0 | T12: 0 | U12: 0 | V12: 0 | W12: 0.24824 | X12: 0.32716 | Y12: 0.2
A13: mode2 | B13: 0.50234 | C13: 0.46805 | D13: 0.54206 | E13: 0.65522 | F13: 0.54228 | G13: 0.82759 | H13: 0.61396 | I13: 0.44296 | J13: 1 | K13: 0.81942 | L13: 0.90301 | M13: 0.75 | N13: 0.2225 | O13: 0.14309 | P13: 0.5 | Q13: 0 | R13: 0 | S13: 0 | T13: 0 | U13: 0 | V13: 0 | W13: 0.27586 | X13: 0.44444 | Y13: 0.2
A14: mode3 | B14: 0.54008 | C14: 0.52089 | D14: 0.56075 | E14: 0.84193 | F14: 0.72701 | G14: 1 | H14: 0.5554 | I14: 0.45433 | J14: 0.71429 | K14: 0.6588 | L14: 0.79488 | M14: 0.5625 | N14: 0.22899 | O14: 0.15227 | P14: 0.46154 | Q14: 0 | R14: 0 | S14: 0 | T14: 0 | U14: 0 | V14: 0 | W14: 0.51156 | X14: 0.52366 | Y14: 0.5
A15: mode4 | B15: 0.53146 | C15: 0.52127 | D15: 0.54206 | E15: 0.79488 | F15: 0.65959 | G15: 1 | H15: 0.4662 | I15: 0.3937 | J15: 0.57143 | K15: 0.62414 | L15: 0.83027 | M15: 0.5 | N15: 0.1926 | O15: 0.12468 | P15: 0.42308 | Q15: 0 | R15: 0 | S15: 0 | T15: 0.18182 | U15: 1 | V15: 0.1 | W15: 0.51515 | X15: 0.53125 | Y15: 0.5
A17: Test
A19: Model Name | B19: F1 | C19: Precision | D19: Recall | E19: T1 F1 | F19: T1 Precision | G19: T1 Recall | H19: T2 F1 | I19: T2 Precision | J19: T2 Recall | K19: T3 F1 | L19: T3 Precision | M19: T3 Recall | N19: T4 F1 | O19: T4 Precision | P19: T4 Recall | Q19: T5 F1 | R19: T5 Precision | S19: T5 Recall | T19: T6 F1 | U19: T6 Precision | V19: T6 Recall | W19: T7 F1 | X19: T7 Precision | Y19: T7 Recall
A20: mode1 | B20: 0.44299 | C20: 0.38921 | D20: 0.51402 | E20: 0.68763 | F20: 0.53395 | G20: 0.96552 | H20: 0.42879 | I20: 0.28591 | J20: 0.85714 | K20: 0.66667 | L20: 0.81818 | M20: 0.5625 | N20: 0.1147 | O20: 0.07049 | P20: 0.30769 | Q20: 0 | R20: 0 | S20: 0 | T20: 0.10325 | U20: 0.10673 | V20: 0.1 | W20: 0.41379 | X20: 0.66667 | Y20: 0.3
A21: mode2 | B21: 0.47075 | C21: 0.4217 | D21: 0.53271 | E21: 0.73304 | F21: 0.57859 | G21: 1 | H21: 0.42889 | I21: 0.286 | J21: 0.85714 | K21: 0.72 | L21: 1 | M21: 0.5625 | N21: 0.17098 | O21: 0.11353 | P21: 0.34615 | Q21: 0 | R21: 0 | S21: 0 | T21: 0.10879 | U21: 0.11926 | V21: 0.1 | W21: 0.41379 | X21: 0.66667 | Y21: 0.3
A22: mode3 | B22: 0.39583 | C22: 0.38998 | D22: 0.40187 | E22: 0.53563 | F22: 0.47108 | G22: 0.62069 | H22: 0.38184 | I22: 0.28671 | J22: 0.57143 | K22: 0.61538 | L22: 0.8 | M22: 0.5 | N22: 0.19551 | O22: 0.13622 | P22: 0.34615 | Q22: 0 | R22: 0 | S22: 0 | T22: 0.13103 | U22: 0.19 | V22: 0.1 | W22: 0.4 | X22: 0.6 | Y22: 0.3
A23: mode4 | B23: 0.44994 | C23: 0.47194 | D23: 0.42991 | E23: 0.60056 | F23: 0.55435 | G23: 0.65517 | H23: 0.36323 | I23: 0.26623 | J23: 0.57143 | K23: 0.69498 | L23: 0.90909 | M23: 0.5625 | N23: 0.29435 | O23: 0.2384 | P23: 0.38462 | Q23: 0 | R23: 0 | S23: 0 | T23: 0.1184 | U23: 0.1451 | V23: 0.1 | W23: 0.4 | X23: 0.6 | Y23: 0.3

Sheet AD Level 2
A1: Train
A3: Model Name | B3: F1 | C3: Precision | D3: Recall | E3: T1 F1 | F3: T1 Precision | G3: T1 Recall | H3: T2 F1 | I3: T2 Precision | J3: T2 Recall | K3: T3 F1 | L3: T3 Precision | M3: T3 Recall | N3: T4 F1 | O3: T4 Precision | P3: T4 Recall | Q3: T5 F1 | R3: T5 Precision | S3: T5 Recall | T3: T6 F1 | U3: T6 Precision | V3: T6 Recall | W3: T7 F1 | X3: T7 Precision | Y3: T7 Recall
A4: mode1 | B4: 0.6485 | C4: 0.59675 | D4: 0.71008 | E4: 0.82333 | F4: 0.72287 | G4: 0.95621 | H4: 0.7666 | I4: 0.65159 | J4: 0.93093 | K4: 0.81385 | L4: 0.77316 | M4: 0.85906 | N4: 0.40637 | O4: 0.26965 | P4: 0.82434 | Q4: 0.12346 | R4: 0.83333 | S4: 0.06667 | T4: 0.28004 | U4: 0.44672 | V4: 0.20395 | W4: 0.4784 | X4: 0.61481 | Y4: 0.39153
A5: mode2 | B5: 0.64147 | C5: 0.59184 | D5: 0.70018 | E5: 0.78922 | F5: 0.67097 | G5: 0.95806 | H5: 0.81049 | I5: 0.72399 | J5: 0.92046 | K5: 0.78853 | L5: 0.73171 | M5: 0.85492 | N5: 0.408 | O5: 0.27594 | P5: 0.78245 | Q5: 0.08333 | R5: 0.66667 | S5: 0.04444 | T5: 0.31521 | U5: 0.49177 | V5: 0.23194 | W5: 0.48165 | X5: 0.61686 | Y5: 0.39506
A6: mode3 | B6: 0.6462 | C6: 0.60905 | D6: 0.68817 | E6: 0.81313 | F6: 0.70524 | G6: 0.96 | H6: 0.7503 | I6: 0.68948 | J6: 0.82289 | K6: 0.78167 | L6: 0.79445 | M6: 0.7693 | N6: 0.45231 | O6: 0.31412 | P6: 0.80762 | Q6: 0.16327 | R6: 1 | S6: 0.08889 | T6: 0.22458 | U6: 0.5997 | V6: 0.13816 | W6: 0.50448 | X6: 0.56667 | Y6: 0.4546
A7: mode4 | B7: 0.62052 | C7: 0.59165 | D7: 0.65235 | E7: 0.80017 | F7: 0.68695 | G7: 0.95806 | H7: 0.66986 | I7: 0.64512 | J7: 0.69656 | K7: 0.69116 | L7: 0.68141 | M7: 0.70119 | N7: 0.46088 | O7: 0.32949 | P7: 0.76656 | Q7: 0 | R7: 0 | S7: 0 | T7: 0.22194 | U7: 0.56637 | V7: 0.13801 | W7: 0.50942 | X7: 0.56897 | Y7: 0.46116
A9: Val
A11: Model Name | B11: F1 | C11: Precision | D11: Recall | E11: T1 F1 | F11: T1 Precision | G11: T1 Recall | H11: T2 F1 | I11: T2 Precision | J11: T2 Recall | K11: T3 F1 | L11: T3 Precision | M11: T3 Recall | N11: T4 F1 | O11: T4 Precision | P11: T4 Recall | Q11: T5 F1 | R11: T5 Precision | S11: T5 Recall | T11: T6 F1 | U11: T6 Precision | V11: T6 Recall | W11: T7 F1 | X11: T7 Precision | Y11: T7 Recall
A12: mode1 | B12: 0.45411 | C12: 0.43403 | D12: 0.47615 | E12: 0.64367 | F12: 0.54288 | G12: 0.79041 | H12: 0.55661 | I12: 0.40819 | J12: 0.87463 | K12: 0.65901 | L12: 0.92492 | M12: 0.51186 | N12: 0.22951 | O12: 0.15141 | P12: 0.47408 | Q12: 0 | R12: 0 | S12: 0 | T12: 0 | U12: 0 | V12: 0 | W12: 0.1949 | X12: 0.32716 | Y12: 0.13879
A13: mode2 | B13: 0.4633 | C13: 0.46805 | D13: 0.45865 | E13: 0.64255 | F13: 0.54228 | G13: 0.78831 | H13: 0.58404 | I13: 0.44296 | J13: 0.85701 | K13: 0.64601 | L13: 0.90301 | M13: 0.50288 | N13: 0.2142 | O13: 0.14309 | P13: 0.42586 | Q13: 0 | R13: 0 | S13: 0 | T13: 0 | U13: 0 | V13: 0 | W13: 0.17596 | X13: 0.44444 | Y13: 0.1097
A14: mode3 | B14: 0.49781 | C14: 0.52089 | D14: 0.47669 | E14: 0.82238 | F14: 0.72701 | G14: 0.94654 | H14: 0.50159 | I14: 0.45433 | J14: 0.55981 | K14: 0.48754 | L14: 0.79488 | M14: 0.3516 | N14: 0.22538 | O14: 0.15227 | P14: 0.43352 | Q14: 0 | R14: 0 | S14: 0 | T14: 0 | U14: 0 | V14: 0 | W14: 0.35981 | X14: 0.52366 | Y14: 0.27406
A15: mode4 | B15: 0.4851 | C15: 0.52127 | D15: 0.45362 | E15: 0.77654 | F15: 0.65959 | G15: 0.94391 | H15: 0.40445 | I15: 0.3937 | J15: 0.41581 | K15: 0.48349 | L15: 0.83027 | M15: 0.34105 | N15: 0.18879 | O15: 0.12468 | P15: 0.38862 | Q15: 0 | R15: 0 | S15: 0 | T15: 0.01653 | U15: 1 | V15: 0.00833 | W15: 0.34996 | X15: 0.53125 | Y15: 0.26092
A17: Test
A19: Model Name | B19: F1 | C19: Precision | D19: Recall | E19: T1 F1 | F19: T1 Precision | G19: T1 Recall | H19: T2 F1 | I19: T2 Precision | J19: T2 Recall | K19: T3 F1 | L19: T3 Precision | M19: T3 Recall | N19: T4 F1 | O19: T4 Precision | P19: T4 Recall | Q19: T5 F1 | R19: T5 Precision | S19: T5 Recall | T19: T6 F1 | U19: T6 Precision | V19: T6 Recall | W19: T7 F1 | X19: T7 Precision | Y19: T7 Recall
A20: mode1 | B20: 0.39818 | C20: 0.38921 | D20: 0.40757 | E20: 0.6364 | F20: 0.53395 | G20: 0.7875 | H20: 0.40781 | I20: 0.28591 | J20: 0.71095 | K20: 0.59105 | L20: 0.81818 | M20: 0.46262 | N20: 0.1106 | O20: 0.07049 | P20: 0.25665 | Q20: 0 | R20: 0 | S20: 0 | T20: 0.06202 | U20: 0.10673 | V20: 0.04371 | W20: 0.21531 | X20: 0.66667 | Y20: 0.12839
A21: mode2 | B21: 0.41448 | C21: 0.4217 | D21: 0.4075 | E21: 0.66565 | F21: 0.57859 | G21: 0.78355 | H21: 0.407 | I21: 0.286 | J21: 0.70545 | K21: 0.6316 | L21: 1 | M21: 0.46156 | N21: 0.15835 | O21: 0.11353 | P21: 0.26169 | Q21: 0 | R21: 0 | S21: 0 | T21: 0.06382 | U21: 0.11926 | V21: 0.04356 | W21: 0.21998 | X21: 0.66667 | Y21: 0.13172
A22: mode3 | B22: 0.3713 | C22: 0.38998 | D22: 0.35433 | E22: 0.52552 | F22: 0.47108 | G22: 0.59419 | H22: 0.38019 | I22: 0.28671 | J22: 0.56409 | K22: 0.58622 | L22: 0.8 | M22: 0.4626 | N22: 0.185 | O22: 0.13622 | P22: 0.28821 | Q22: 0 | R22: 0 | S22: 0 | T22: 0.01105 | U22: 0.19 | V22: 0.00569 | W22: 0.27463 | X22: 0.6 | Y22: 0.17806
A23: mode4 | B23: 0.40867 | C23: 0.47194 | D23: 0.36036 | E23: 0.58164 | F23: 0.55435 | G23: 0.61175 | H23: 0.36098 | I23: 0.26623 | J23: 0.56042 | K23: 0.61499 | L23: 0.90909 | M23: 0.46466 | N23: 0.26145 | O23: 0.2384 | P23: 0.28943 | Q23: 0 | R23: 0 | S23: 0 | T23: 0.01067 | U23: 0.1451 | V23: 0.00554 | W23: 0.28624 | X23: 0.6 | Y23: 0.18796

Sheet AD Level 3
A1: Train
A3: Model Name | B3: F1 | C3: Precision | D3: Recall | E3: T1 F1 | F3: T1 Precision | G3: T1 Recall | H3: T2 F1 | I3: T2 Precision | J3: T2 Recall | K3: T3 F1 | L3: T3 Precision | M3: T3 Recall | N3: T4 F1 | O3: T4 Precision | P3: T4 Recall | Q3: T5 F1 | R3: T5 Precision | S3: T5 Recall | T3: T6 F1 | U3: T6 Precision | V3: T6 Recall | W3: T7 F1 | X3: T7 Precision | Y3: T7 Recall
A4: mode1 | B4: 0.62446 | C4: 0.59675 | D4: 0.65487 | E4: 0.81023 | F4: 0.72287 | G4: 0.92161 | H4: 0.73664 | I4: 0.65159 | J4: 0.84723 | K4: 0.75651 | L4: 0.77316 | M4: 0.74057 | N4: 0.39889 | O4: 0.26965 | P4: 0.76602 | Q4: 0.04479 | R4: 0.83333 | S4: 0.02302 | T4: 0.24457 | U4: 0.44672 | V4: 0.16838 | W4: 0.4664 | X4: 0.61481 | Y4: 0.37571
A5: mode2 | B5: 0.61298 | C5: 0.59184 | D5: 0.63569 | E5: 0.77183 | F5: 0.67097 | G5: 0.90837 | H5: 0.77165 | I5: 0.72399 | J5: 0.82604 | K5: 0.72288 | L5: 0.73171 | M5: 0.71425 | N5: 0.39873 | O5: 0.27594 | P5: 0.71838 | Q5: 0.01258 | R5: 0.66667 | S5: 0.00635 | T5: 0.27594 | U5: 0.49177 | V5: 0.19177 | W5: 0.47129 | X5: 0.61686 | Y5: 0.38131
A6: mode3 | B6: 0.62845 | C6: 0.60905 | D6: 0.64912 | E6: 0.80267 | F6: 0.70524 | G6: 0.93132 | H6: 0.72643 | I6: 0.68948 | J6: 0.76757 | K6: 0.7433 | L6: 0.79445 | M6: 0.69834 | N6: 0.44471 | O6: 0.31412 | P6: 0.76112 | Q6: 0.10127 | R6: 1 | S6: 0.05333 | T6: 0.19807 | U6: 0.5997 | V6: 0.11863 | W6: 0.49826 | X6: 0.56667 | Y6: 0.4446
A7: mode4 | B7: 0.59984 | C7: 0.59165 | D7: 0.60826 | E7: 0.7823 | F7: 0.68695 | G7: 0.90837 | H7: 0.65447 | I7: 0.64512 | J7: 0.66409 | K7: 0.64905 | L7: 0.68141 | M7: 0.61962 | N7: 0.4509 | O7: 0.32949 | P7: 0.714 | Q7: 0 | R7: 0 | S7: 0 | T7: 0.1916 | U7: 0.56637 | V7: 0.1153 | W7: 0.50013 | X7: 0.56897 | Y7: 0.44616
A9: Val
A11: Model Name | B11: F1 | C11: Precision | D11: Recall | E11: T1 F1 | F11: T1 Precision | G11: T1 Recall | H11: T2 F1 | I11: T2 Precision | J11: T2 Recall | K11: T3 F1 | L11: T3 Precision | M11: T3 Recall | N11: T4 F1 | O11: T4 Precision | P11: T4 Recall | Q11: T5 F1 | R11: T5 Precision | S11: T5 Recall | T11: T6 F1 | U11: T6 Precision | V11: T6 Recall | W11: T7 F1 | X11: T7 Precision | Y11: T7 Recall
A12: mode1 | B12: 0.42138 | C12: 0.43403 | D12: 0.40944 | E12: 0.63089 | F12: 0.54288 | G12: 0.75294 | H12: 0.52494 | I12: 0.40819 | J12: 0.73524 | K12: 0.46314 | L12: 0.92492 | M12: 0.30891 | N12: 0.22396 | O12: 0.15141 | P12: 0.43003 | Q12: 0 | R12: 0 | S12: 0 | T12: 0 | U12: 0 | V12: 0 | W12: 0.11601 | X12: 0.32716 | Y12: 0.07051
A13: mode2 | B13: 0.42392 | C13: 0.46805 | D13: 0.38739 | E13: 0.62445 | F13: 0.54228 | G13: 0.73598 | H13: 0.5412 | I13: 0.44296 | J13: 0.69543 | K13: 0.44379 | L13: 0.90301 | M13: 0.29419 | N13: 0.20911 | O13: 0.14309 | P13: 0.38823 | Q13: 0 | R13: 0 | S13: 0 | T13: 0 | U13: 0 | V13: 0 | W13: 0.07984 | X13: 0.44444 | Y13: 0.04386
A14: mode3 | B14: 0.46933 | C14: 0.52089 | D14: 0.42705 | E14: 0.80441 | F14: 0.72701 | G14: 0.90024 | H14: 0.48822 | I14: 0.45433 | J14: 0.52757 | K14: 0.35217 | L14: 0.79488 | M14: 0.22619 | N14: 0.21949 | O14: 0.15227 | P14: 0.39299 | Q14: 0 | R14: 0 | S14: 0 | T14: 0 | U14: 0 | V14: 0 | W14: 0.29545 | X14: 0.52366 | Y14: 0.20577
A15: mode4 | B15: 0.45245 | C15: 0.52127 | D15: 0.39969 | E15: 0.75344 | F15: 0.65959 | G15: 0.87843 | H15: 0.38301 | I15: 0.3937 | J15: 0.37288 | K15: 0.34588 | L15: 0.83027 | M15: 0.21844 | N15: 0.18447 | O15: 0.12468 | P15: 0.35447 | Q15: 0 | R15: 0 | S15: 0 | T15: 0.00151 | U15: 1 | V15: 0.00076 | W15: 0.2867 | X15: 0.53125 | Y15: 0.19633
A17: Test
A19: Model Name | B19: F1 | C19: Precision | D19: Recall | E19: T1 F1 | F19: T1 Precision | G19: T1 Recall | H19: T2 F1 | I19: T2 Precision | J19: T2 Recall | K19: T3 F1 | L19: T3 Precision | M19: T3 Recall | N19: T4 F1 | O19: T4 Precision | P19: T4 Recall | Q19: T5 F1 | R19: T5 Precision | S19: T5 Recall | T19: T6 F1 | U19: T6 Precision | V19: T6 Recall | W19: T7 F1 | X19: T7 Precision | Y19: T7 Recall
A20: mode1 | B20: 0.37686 | C20: 0.38921 | D20: 0.36526 | E20: 0.61238 | F20: 0.53395 | G20: 0.71782 | H20: 0.39292 | I20: 0.28591 | J20: 0.62797 | K20: 0.55679 | L20: 0.81818 | M20: 0.42198 | N20: 0.10716 | O20: 0.07049 | P20: 0.22336 | Q20: 0 | R20: 0 | S20: 0 | T20: 0.02189 | U20: 0.10673 | V20: 0.0122 | W20: 0.20192 | X20: 0.66667 | Y20: 0.11898
A21: mode2 | B21: 0.3851 | C21: 0.4217 | D21: 0.35434 | E21: 0.62967 | F21: 0.57859 | G21: 0.69065 | H21: 0.39074 | I21: 0.286 | J21: 0.61653 | K21: 0.5789 | L21: 1 | M21: 0.40736 | N21: 0.15007 | O21: 0.11353 | P21: 0.22133 | Q21: 0 | R21: 0 | S21: 0 | T21: 0.02197 | U21: 0.11926 | V21: 0.0121 | W21: 0.20003 | X21: 0.66667 | Y21: 0.11767
A22: mode3 | B22: 0.35861 | C22: 0.38998 | D22: 0.33191 | E22: 0.51684 | F22: 0.47108 | G22: 0.57244 | H22: 0.37694 | I22: 0.28671 | J22: 0.55004 | K22: 0.55266 | L22: 0.8 | M22: 0.42214 | N22: 0.17661 | O22: 0.13622 | P22: 0.25103 | Q22: 0 | R22: 0 | S22: 0 | T22: 0.00032 | U22: 0.19 | V22: 0.00016 | W22: 0.27463 | X22: 0.6 | Y22: 0.17806
A23: mode4 | B23: 0.38783 | C23: 0.47194 | D23: 0.32916 | E23: 0.56317 | F23: 0.55435 | G23: 0.57228 | H23: 0.35662 | I23: 0.26623 | J23: 0.53994 | K23: 0.56415 | L23: 0.90909 | M23: 0.40898 | N23: 0.24259 | O23: 0.2384 | P23: 0.24693 | Q23: 0 | R23: 0 | S23: 0 | T23: 0.00031 | U23: 0.1451 | V23: 0.00015 | W23: 0.28624 | X23: 0.6 | Y23: 0.18796

Sheet AD Level 4
A1: Train
A3: Model Name | B3: F1 | C3: Precision | D3: Recall | E3: T1 F1 | F3: T1 Precision | G3: T1 Recall | H3: T2 F1 | I3: T2 Precision | J3: T2 Recall | K3: T3 F1 | L3: T3 Precision | M3: T3 Recall | N3: T4 F1 | O3: T4 Precision | P3: T4 Recall | Q3: T5 F1 | R3: T5 Precision | S3: T5 Recall | T3: T6 F1 | U3: T6 Precision | V3: T6 Recall | W3: T7 F1 | X3: T7 Precision | Y3: T7 Recall
A4: mode1 | B4: 0.61904 | C4: 0.58849 | D4: 0.65293 | E4: 0.81023 | F4: 0.72287 | G4: 0.92161 | H4: 0.73664 | I4: 0.65159 | J4: 0.84723 | K4: 0.75264 | L4: 0.76512 | M4: 0.74057 | N4: 0.36546 | O4: 0.23997 | P4: 0.76602 | Q4: 0 | R4: 0.83333 | S4: 0 | T4: 0.24457 | U4: 0.44672 | V4: 0.16838 | W4: 0.4664 | X4: 0.61481 | Y4: 0.37571
A5: mode2 | B5: 0.60969 | C5: 0.58572 | D5: 0.63569 | E5: 0.77183 | F5: 0.67097 | G5: 0.90837 | H5: 0.77165 | I5: 0.72399 | J5: 0.82604 | K5: 0.71918 | L5: 0.72418 | M5: 0.71425 | N5: 0.3733 | O5: 0.25216 | P5: 0.71838 | Q5: 0.01258 | R5: 0.66667 | S5: 0.00635 | T5: 0.27594 | U5: 0.49177 | V5: 0.19177 | W5: 0.47129 | X5: 0.61686 | Y5: 0.38131
A6: mode3 | B6: 0.62368 | C6: 0.60016 | D6: 0.64912 | E6: 0.80267 | F6: 0.70524 | G6: 0.93132 | H6: 0.72643 | I6: 0.68948 | J6: 0.76757 | K6: 0.73905 | L6: 0.78481 | M6: 0.69834 | N6: 0.41286 | O6: 0.28326 | P6: 0.76112 | Q6: 0.10127 | R6: 1 | S6: 0.05333 | T6: 0.19807 | U6: 0.5997 | V6: 0.11863 | W6: 0.49826 | X6: 0.56667 | Y6: 0.4446
A7: mode4 | B7: 0.59636 | C7: 0.58492 | D7: 0.60826 | E7: 0.7823 | F7: 0.68695 | G7: 0.90837 | H7: 0.65447 | I7: 0.64512 | J7: 0.66409 | K7: 0.64497 | L7: 0.67247 | M7: 0.61962 | N7: 0.427 | O7: 0.30458 | P7: 0.714 | Q7: 0 | R7: 0 | S7: 0 | T7: 0.1916 | U7: 0.56637 | V7: 0.1153 | W7: 0.50013 | X7: 0.56897 | Y7: 0.44616
A9: Val
A11: Model Name | B11: F1 | C11: Precision | D11: Recall | E11: T1 F1 | F11: T1 Precision | G11: T1 Recall | H11: T2 F1 | I11: T2 Precision | J11: T2 Recall | K11: T3 F1 | L11: T3 Precision | M11: T3 Recall | N11: T4 F1 | O11: T4 Precision | P11: T4 Recall | Q11: T5 F1 | R11: T5 Precision | S11: T5 Recall | T11: T6 F1 | U11: T6 Precision | V11: T6 Recall | W11: T7 F1 | X11: T7 Precision | Y11: T7 Recall
A12: mode1 | B12: 0.41158 | C12: 0.42653 | D12: 0.39765 | E12: 0.6167 | F12: 0.53893 | G12: 0.72069 | H12: 0.52494 | I12: 0.40819 | J12: 0.73524 | K12: 0.43982 | L12: 0.92492 | M12: 0.28851 | N12: 0.19967 | O12: 0.13002 | P12: 0.43003 | Q12: 0 | R12: 0 | S12: 0 | T12: 0 | U12: 0 | V12: 0 | W12: 0.11601 | X12: 0.32716 | Y12: 0.07051
A13: mode2 | B13: 0.41332 | C13: 0.46278 | D13: 0.37342 | E13: 0.62166 | F13: 0.53807 | G13: 0.73598 | H13: 0.49752 | I13: 0.44296 | J13: 0.56741 | K13: 0.42812 | L13: 0.90301 | M13: 0.28057 | N13: 0.1923 | O13: 0.1278 | P13: 0.38823 | Q13: 0 | R13: 0 | S13: 0 | T13: 0 | U13: 0 | V13: 0 | W13: 0.01128 | X13: 0.44444 | Y13: 0.00571
A14: mode3 | B14: 0.46036 | C14: 0.51181 | D14: 0.41831 | E14: 0.78873 | F14: 0.72273 | G14: 0.86799 | H14: 0.48822 | I14: 0.45433 | J14: 0.52757 | K14: 0.35217 | L14: 0.79488 | M14: 0.22619 | N14: 0.18788 | O14: 0.12345 | P14: 0.39299 | Q14: 0 | R14: 0 | S14: 0 | T14: 0 | U14: 0 | V14: 0 | W14: 0.29545 | X14: 0.52366 | Y14: 0.20577
A15: mode4 | B15: 0.45004 | C15: 0.5149 | D15: 0.39969 | E15: 0.75076 | F15: 0.65549 | G15: 0.87843 | H15: 0.38301 | I15: 0.3937 | J15: 0.37288 | K15: 0.34588 | L15: 0.83027 | M15: 0.21844 | N15: 0.16118 | O15: 0.1043 | P15: 0.35447 | Q15: 0 | R15: 0 | S15: 0 | T15: 0.00151 | U15: 1 | V15: 0.00076 | W15: 0.2867 | X15: 0.53125 | Y15: 0.19633
A17: Test
A19: Model Name | B19: F1 | C19: Precision | D19: Recall | E19: T1 F1 | F19: T1 Precision | G19: T1 Recall | H19: T2 F1 | I19: T2 Precision | J19: T2 Recall | K19: T3 F1 | L19: T3 Precision | M19: T3 Recall | N19: T4 F1 | O19: T4 Precision | P19: T4 Recall | Q19: T5 F1 | R19: T5 Precision | S19: T5 Recall | T19: T6 F1 | U19: T6 Precision | V19: T6 Recall | W19: T7 F1 | X19: T7 Precision | Y19: T7 Recall
A20: mode1 | B20: 0.37206 | C20: 0.38784 | D20: 0.35752 | E20: 0.60743 | F20: 0.53395 | G20: 0.70438 | H20: 0.39292 | I20: 0.28591 | J20: 0.62797 | K20: 0.55679 | L20: 0.81818 | M20: 0.42198 | N20: 0.10024 | O20: 0.06462 | P20: 0.22336 | Q20: 0 | R20: 0 | S20: 0 | T20: 0.02189 | U20: 0.10673 | V20: 0.0122 | W20: 0.13497 | X20: 0.66667 | Y20: 0.07508
A21: mode2 | B21: 0.38004 | C21: 0.41922 | D21: 0.34756 | E21: 0.62646 | F21: 0.57859 | G21: 0.68297 | H21: 0.39074 | I21: 0.286 | J21: 0.61653 | K21: 0.5789 | L21: 1 | M21: 0.40736 | N21: 0.14061 | O21: 0.10369 | P21: 0.21834 | Q21: 0 | R21: 0 | S21: 0 | T21: 0.02197 | U21: 0.11926 | V21: 0.0121 | W21: 0.13508 | X21: 0.66667 | Y21: 0.07515
A22: mode3 | B22: 0.35779 | C22: 0.38804 | D22: 0.33191 | E22: 0.51684 | F22: 0.47108 | G22: 0.57244 | H22: 0.37694 | I22: 0.28671 | J22: 0.55004 | K22: 0.55266 | L22: 0.8 | M22: 0.42214 | N22: 0.1701 | O22: 0.12864 | P22: 0.25103 | Q22: 0 | R22: 0 | S22: 0 | T22: 0.00032 | U22: 0.19 | V22: 0.00016 | W22: 0.27463 | X22: 0.6 | Y22: 0.17806
A23: mode4 | B23: 0.38611 | C23: 0.46733 | D23: 0.32895 | E23: 0.56317 | F23: 0.55435 | G23: 0.57228 | H23: 0.35662 | I23: 0.26623 | J23: 0.53994 | K23: 0.5628 | L23: 0.90909 | M23: 0.40755 | N23: 0.22921 | O23: 0.21387 | P23: 0.24693 | Q23: 0 | R23: 0 | S23: 0 | T23: 0.00031 | U23: 0.1451 | V23: 0.00015 | W23: 0.28624 | X23: 0.6 | Y23: 0.18796

Sheet Overall AD Performance
A1: Train
A3: Model Name | B3: F1 | C3: Precision | D3: Recall | E3: T1 F1 | F3: T1 Precision | G3: T1 Recall | H3: T2 F1 | I3: T2 Precision | J3: T2 Recall | K3: T3 F1 | L3: T3 Precision | M3: T3 Recall | N3: T4 F1 | O3: T4 Precision | P3: T4 Recall | Q3: T5 F1 | R3: T5 Precision | S3: T5 Recall | T3: T6 F1 | U3: T6 Precision | V3: T6 Recall | W3: T7 F1 | X3: T7 Precision | Y3: T7 Recall
A4: mode1 | B4: =SUM(PRODUCT('AD Level 1'!B4, 0.4), PRODUCT('AD Level 2'!B4, 0.3), PRODUCT('AD Level 3'!B4, 0.2), PRODUCT('AD Level 4'!B4, 0.1)) -> 0.653958 | C4: =SUM(PRODUCT('AD Level 1'!C4, 0.4), PRODUCT('AD Level 2'!C4, 0.3), PRODUCT('AD Level 3'!C4, 0.2), PRODUCT('AD Level 4'!C4, 0.1)) -> 0.595924 | D4: =SUM(PRODUCT('AD Level 1'!D4, 0.4), PRODUCT('AD Level 2'!D4, 0.3), PRODUCT('AD Level 3'!D4, 0.2), PRODUCT('AD Level 4'!D4, 0.1)) -> 0.727047 | E4: =SUM(PRODUCT('AD Level 1'!E4, 0.4), PRODUCT('AD Level 2'!E4, 0.3), PRODUCT('AD Level 3'!E4, 0.2), PRODUCT('AD Level 4'!E4, 0.1)) -> 0.825728 | F4: =SUM(PRODUCT('AD Level 1'!F4, 0.4), PRODUCT('AD Level 2'!F4, 0.3), PRODUCT('AD Level 3'!F4, 0.2), PRODUCT('AD Level 4'!F4, 0.1)) -> 0.72287 | G4: =SUM(PRODUCT('AD Level 1'!G4, 0.4), PRODUCT('AD Level 2'!G4, 0.3), PRODUCT('AD Level 3'!G4, 0.2), PRODUCT('AD Level 4'!G4, 0.1)) -> 0.963346 | H4: =SUM(PRODUCT('AD Level 1'!H4, 0.4), PRODUCT('AD Level 2'!H4, 0.3), PRODUCT('AD Level 3'!H4, 0.2), PRODUCT('AD Level 4'!H4, 0.1)) -> 0.766588 | I4: =SUM(PRODUCT('AD Level 1'!I4, 0.4), PRODUCT('AD Level 2'!I4, 0.3), PRODUCT('AD Level 3'!I4, 0.2), PRODUCT('AD Level 4'!I4, 0.1)) -> 0.65159 | ... Y4: =SUM(PRODUCT('AD Level 1'!Y4, 0.4), PRODUCT('AD Level 2'!Y4, 0.3), PRODUCT('AD Level 3'!Y4, 0.2), PRODUCT('AD Level 4'!Y4, 0.1)) -> 0.470172
A5: mode2 | B5: =SUM(PRODUCT('AD Level 1'!B5, 0.4), PRODUCT('AD Level 2'!B5, 0.3), PRODUCT('AD Level 3'!B5, 0.2), PRODUCT('AD Level 4'!B5, 0.1)) -> 0.64733 | C5: =SUM(PRODUCT('AD Level 1'!C5, 0.4), PRODUCT('AD Level 2'!C5, 0.3), PRODUCT('AD Level 3'!C5, 0.2), PRODUCT('AD Level 4'!C5, 0.1)) -> 0.591228 | D5: =SUM(PRODUCT('AD Level 1'!D5, 0.4), PRODUCT('AD Level 2'!D5, 0.3), PRODUCT('AD Level 3'!D5, 0.2), PRODUCT('AD Level 4'!D5, 0.1)) -> 0.718517 | E5: =SUM(PRODUCT('AD Level 1'!E5, 0.4), PRODUCT('AD Level 2'!E5, 0.3), PRODUCT('AD Level 3'!E5, 0.2), PRODUCT('AD Level 4'!E5, 0.1)) -> 0.789551 | F5: =SUM(PRODUCT('AD Level 1'!F5, 0.4), PRODUCT('AD Level 2'!F5, 0.3), PRODUCT('AD Level 3'!F5, 0.2), PRODUCT('AD Level 4'!F5, 0.1)) -> 0.67097 | G5: =SUM(PRODUCT('AD Level 1'!G5, 0.4), PRODUCT('AD Level 2'!G5, 0.3), PRODUCT('AD Level 3'!G5, 0.2), PRODUCT('AD Level 4'!G5, 0.1)) -> 0.959929 | H5: =SUM(PRODUCT('AD Level 1'!H5, 0.4), PRODUCT('AD Level 2'!H5, 0.3), PRODUCT('AD Level 3'!H5, 0.2), PRODUCT('AD Level 4'!H5, 0.1)) -> 0.810602 | I5: =SUM(PRODUCT('AD Level 1'!I5, 0.4), PRODUCT('AD Level 2'!I5, 0.3), PRODUCT('AD Level 3'!I5, 0.2), PRODUCT('AD Level 4'!I5, 0.1)) -> 0.72399 | ... Y5: =SUM(PRODUCT('AD Level 1'!Y5, 0.4), PRODUCT('AD Level 2'!Y5, 0.3), PRODUCT('AD Level 3'!Y5, 0.2), PRODUCT('AD Level 4'!Y5, 0.1)) -> 0.472911
A6: mode3 | B6: =SUM(PRODUCT('AD Level 1'!B6, 0.4), PRODUCT('AD Level 2'!B6, 0.3), PRODUCT('AD Level 3'!B6, 0.2), PRODUCT('AD Level 4'!B6, 0.1)) -> 0.651926 | C6: =SUM(PRODUCT('AD Level 1'!C6, 0.4), PRODUCT('AD Level 2'!C6, 0.3), PRODUCT('AD Level 3'!C6, 0.2), PRODUCT('AD Level 4'!C6, 0.1)) -> 0.608161 | D6: =SUM(PRODUCT('AD Level 1'!D6, 0.4), PRODUCT('AD Level 2'!D6, 0.3), PRODUCT('AD Level 3'!D6, 0.2), PRODUCT('AD Level 4'!D6, 0.1)) -> 0.703991 | E6: =SUM(PRODUCT('AD Level 1'!E6, 0.4), PRODUCT('AD Level 2'!E6, 0.3), PRODUCT('AD Level 3'!E6, 0.2), PRODUCT('AD Level 4'!E6, 0.1)) -> 0.8156 | F6: =SUM(PRODUCT('AD Level 1'!F6, 0.4), PRODUCT('AD Level 2'!F6, 0.3), PRODUCT('AD Level 3'!F6, 0.2), PRODUCT('AD Level 4'!F6, 0.1)) -> 0.70524 | G6: =SUM(PRODUCT('AD Level 1'!G6, 0.4), PRODUCT('AD Level 2'!G6, 0.3), PRODUCT('AD Level 3'!G6, 0.2), PRODUCT('AD Level 4'!G6, 0.1)) -> 0.967396 | H6: =SUM(PRODUCT('AD Level 1'!H6, 0.4), PRODUCT('AD Level 2'!H6, 0.3), PRODUCT('AD Level 3'!H6, 0.2), PRODUCT('AD Level 4'!H6, 0.1)) -> 0.748711 | I6: =SUM(PRODUCT('AD Level 1'!I6, 0.4), PRODUCT('AD Level 2'!I6, 0.3), PRODUCT('AD Level 3'!I6, 0.2), PRODUCT('AD Level 4'!I6, 0.1)) -> 0.68948 | ... Y6: =SUM(PRODUCT('AD Level 1'!Y6, 0.4), PRODUCT('AD Level 2'!Y6, 0.3), PRODUCT('AD Level 3'!Y6, 0.2), PRODUCT('AD Level 4'!Y6, 0.1)) -> 0.46976
A7: mode4 | B7: =SUM(PRODUCT('AD Level 1'!B7, 0.4), PRODUCT('AD Level 2'!B7, 0.3), PRODUCT('AD Level 3'!B7, 0.2), PRODUCT('AD Level 4'!B7, 0.1)) -> 0.625516 | C7: =SUM(PRODUCT('AD Level 1'!C7, 0.4), PRODUCT('AD Level 2'!C7, 0.3), PRODUCT('AD Level 3'!C7, 0.2), PRODUCT('AD Level 4'!C7, 0.1)) -> 0.590977 | D7: =SUM(PRODUCT('AD Level 1'!D7, 0.4), PRODUCT('AD Level 2'!D7, 0.3), PRODUCT('AD Level 3'!D7, 0.2), PRODUCT('AD Level 4'!D7, 0.1)) -> 0.666035 | E7: =SUM(PRODUCT('AD Level 1'!E7, 0.4), PRODUCT('AD Level 2'!E7, 0.3), PRODUCT('AD Level 3'!E7, 0.2), PRODUCT('AD Level 4'!E7, 0.1)) -> 0.800513 | F7: =SUM(PRODUCT('AD Level 1'!F7, 0.4), PRODUCT('AD Level 2'!F7, 0.3), PRODUCT('AD Level 3'!F7, 0.2), PRODUCT('AD Level 4'!F7, 0.1)) -> 0.68695 | G7: =SUM(PRODUCT('AD Level 1'!G7, 0.4), PRODUCT('AD Level 2'!G7, 0.3), PRODUCT('AD Level 3'!G7, 0.2), PRODUCT('AD Level 4'!G7, 0.1)) -> 0.959929 | H7: =SUM(PRODUCT('AD Level 1'!H7, 0.4), PRODUCT('AD Level 2'!H7, 0.3), PRODUCT('AD Level 3'!H7, 0.2), PRODUCT('AD Level 4'!H7, 0.1)) -> 0.668479 | I7: =SUM(PRODUCT('AD Level 1'!I7, 0.4), PRODUCT('AD Level 2'!I7, 0.3), PRODUCT('AD Level 3'!I7, 0.2), PRODUCT('AD Level 4'!I7, 0.1)) -> 0.64512 | ... Y7: =SUM(PRODUCT('AD Level 1'!Y7, 0.4), PRODUCT('AD Level 2'!Y7, 0.3), PRODUCT('AD Level 3'!Y7, 0.2), PRODUCT('AD Level 4'!Y7, 0.1)) -> 0.472196
A9: Val
A11: Model Name | B11: F1 | C11: Precision | D11: Recall | E11: T1 F1 | F11: T1 Precision | G11: T1 Recall | H11: T2 F1 | I11: T2 Precision | J11: T2 Recall | K11: T3 F1 | L11: T3 Precision | M11: T3 Recall | N11: T4 F1 | O11: T4 Precision | P11: T4 Recall | Q11: T5 F1 | R11: T5 Precision | S11: T5 Recall | T11: T6 F1 | U11: T6 Precision | V11: T6 Recall | W11: T7 F1 | X11: T7 Precision | Y11: T7 Recall
A12: mode1 | B12: =SUM(PRODUCT('AD Level 1'!B12, 0.4), PRODUCT('AD Level 2'!B12, 0.3), PRODUCT('AD Level 3'!B12, 0.2), PRODUCT('AD Level 4'!B12, 0.1)) -> 0.455955 | C12: =SUM(PRODUCT('AD Level 1'!C12, 0.4), PRODUCT('AD Level 2'!C12, 0.3), PRODUCT('AD Level 3'!C12, 0.2), PRODUCT('AD Level 4'!C12, 0.1)) -> 0.43328 | D12: =SUM(PRODUCT('AD Level 1'!D12, 0.4), PRODUCT('AD Level 2'!D12, 0.3), PRODUCT('AD Level 3'!D12, 0.2), PRODUCT('AD Level 4'!D12, 0.1)) -> 0.485058 | E12: =SUM(PRODUCT('AD Level 1'!E12, 0.4), PRODUCT('AD Level 2'!E12, 0.3), PRODUCT('AD Level 3'!E12, 0.2), PRODUCT('AD Level 4'!E12, 0.1)) -> 0.643213 | F12: =SUM(PRODUCT('AD Level 1'!F12, 0.4), PRODUCT('AD Level 2'!F12, 0.3), PRODUCT('AD Level 3'!F12, 0.2), PRODUCT('AD Level 4'!F12, 0.1)) -> 0.542485 | G12: =SUM(PRODUCT('AD Level 1'!G12, 0.4), PRODUCT('AD Level 2'!G12, 0.3), PRODUCT('AD Level 3'!G12, 0.2), PRODUCT('AD Level 4'!G12, 0.1)) -> 0.790816 | H12: =SUM(PRODUCT('AD Level 1'!H12, 0.4), PRODUCT('AD Level 2'!H12, 0.3), PRODUCT('AD Level 3'!H12, 0.2), PRODUCT('AD Level 4'!H12, 0.1)) -> 0.556357 | I12: =SUM(PRODUCT('AD Level 1'!I12, 0.4), PRODUCT('AD Level 2'!I12, 0.3), PRODUCT('AD Level 3'!I12, 0.2), PRODUCT('AD Level 4'!I12, 0.1)) -> 0.40819 | ... Y12: =SUM(PRODUCT('AD Level 1'!Y12, 0.4), PRODUCT('AD Level 2'!Y12, 0.3), PRODUCT('AD Level 3'!Y12, 0.2), PRODUCT('AD Level 4'!Y12, 0.1)) -> 0.14279
A13: mode2 | B13: =SUM(PRODUCT('AD Level 1'!B13, 0.4), PRODUCT('AD Level 2'!B13, 0.3), PRODUCT('AD Level 3'!B13, 0.2), PRODUCT('AD Level 4'!B13, 0.1)) -> 0.466042 | C13: =SUM(PRODUCT('AD Level 1'!C13, 0.4), PRODUCT('AD Level 2'!C13, 0.3), PRODUCT('AD Level 3'!C13, 0.2), PRODUCT('AD Level 4'!C13, 0.1)) -> 0.467523 | D13: =SUM(PRODUCT('AD Level 1'!D13, 0.4), PRODUCT('AD Level 2'!D13, 0.3), PRODUCT('AD Level 3'!D13, 0.2), PRODUCT('AD Level 4'!D13, 0.1)) -> 0.469239 | E13: =SUM(PRODUCT('AD Level 1'!E13, 0.4), PRODUCT('AD Level 2'!E13, 0.3), PRODUCT('AD Level 3'!E13, 0.2), PRODUCT('AD Level 4'!E13, 0.1)) -> 0.641909 | F13: =SUM(PRODUCT('AD Level 1'!F13, 0.4), PRODUCT('AD Level 2'!F13, 0.3), PRODUCT('AD Level 3'!F13, 0.2), PRODUCT('AD Level 4'!F13, 0.1)) -> 0.541859 | G13: =SUM(PRODUCT('AD Level 1'!G13, 0.4), PRODUCT('AD Level 2'!G13, 0.3), PRODUCT('AD Level 3'!G13, 0.2), PRODUCT('AD Level 4'!G13, 0.1)) -> 0.788323 | H13: =SUM(PRODUCT('AD Level 1'!H13, 0.4), PRODUCT('AD Level 2'!H13, 0.3), PRODUCT('AD Level 3'!H13, 0.2), PRODUCT('AD Level 4'!H13, 0.1)) -> 0.578788 | I13: =SUM(PRODUCT('AD Level 1'!I13, 0.4), PRODUCT('AD Level 2'!I13, 0.3), PRODUCT('AD Level 3'!I13, 0.2), PRODUCT('AD Level 4'!I13, 0.1)) -> 0.44296 | ... Y13: =SUM(PRODUCT('AD Level 1'!Y13, 0.4), PRODUCT('AD Level 2'!Y13, 0.3), PRODUCT('AD Level 3'!Y13, 0.2), PRODUCT('AD Level 4'!Y13, 0.1)) -> 0.122253
A14: mode3 | B14: =SUM(PRODUCT('AD Level 1'!B14, 0.4), PRODUCT('AD Level 2'!B14, 0.3), PRODUCT('AD Level 3'!B14, 0.2), PRODUCT('AD Level 4'!B14, 0.1)) -> 0.505277 | C14: =SUM(PRODUCT('AD Level 1'!C14, 0.4), PRODUCT('AD Level 2'!C14, 0.3), PRODUCT('AD Level 3'!C14, 0.2), PRODUCT('AD Level 4'!C14, 0.1)) -> 0.519982 | D14: =SUM(PRODUCT('AD Level 1'!D14, 0.4), PRODUCT('AD Level 2'!D14, 0.3), PRODUCT('AD Level 3'!D14, 0.2), PRODUCT('AD Level 4'!D14, 0.1)) -> 0.494548 | E14: =SUM(PRODUCT('AD Level 1'!E14, 0.4), PRODUCT('AD Level 2'!E14, 0.3), PRODUCT('AD Level 3'!E14, 0.2), PRODUCT('AD Level 4'!E14, 0.1)) -> 0.823241 | F14: =SUM(PRODUCT('AD Level 1'!F14, 0.4), PRODUCT('AD Level 2'!F14, 0.3), PRODUCT('AD Level 3'!F14, 0.2), PRODUCT('AD Level 4'!F14, 0.1)) -> 0.726582 | G14: =SUM(PRODUCT('AD Level 1'!G14, 0.4), PRODUCT('AD Level 2'!G14, 0.3), PRODUCT('AD Level 3'!G14, 0.2), PRODUCT('AD Level 4'!G14, 0.1)) -> 0.950809 | H14: =SUM(PRODUCT('AD Level 1'!H14, 0.4), PRODUCT('AD Level 2'!H14, 0.3), PRODUCT('AD Level 3'!H14, 0.2), PRODUCT('AD Level 4'!H14, 0.1)) -> 0.519103 | I14: =SUM(PRODUCT('AD Level 1'!I14, 0.4), PRODUCT('AD Level 2'!I14, 0.3), PRODUCT('AD Level 3'!I14, 0.2), PRODUCT('AD Level 4'!I14, 0.1)) -> 0.45433 | ... Y14: =SUM(PRODUCT('AD Level 1'!Y14, 0.4), PRODUCT('AD Level 2'!Y14, 0.3), PRODUCT('AD Level 3'!Y14, 0.2), PRODUCT('AD Level 4'!Y14, 0.1)) -> 0.343949
A15: mode4 | B15: =SUM(PRODUCT('AD Level 1'!B15, 0.4), PRODUCT('AD Level 2'!B15, 0.3), PRODUCT('AD Level 3'!B15, 0.2), PRODUCT('AD Level 4'!B15, 0.1)) -> 0.493608 | C15: =SUM(PRODUCT('AD Level 1'!C15, 0.4), PRODUCT('AD Level 2'!C15, 0.3), PRODUCT('AD Level 3'!C15, 0.2), PRODUCT('AD Level 4'!C15, 0.1)) -> 0.520633 | D15: =SUM(PRODUCT('AD Level 1'!D15, 0.4), PRODUCT('AD Level 2'!D15, 0.3), PRODUCT('AD Level 3'!D15, 0.2), PRODUCT('AD Level 4'!D15, 0.1)) -> 0.472817 | E15: =SUM(PRODUCT('AD Level 1'!E15, 0.4), PRODUCT('AD Level 2'!E15, 0.3), PRODUCT('AD Level 3'!E15, 0.2), PRODUCT('AD Level 4'!E15, 0.1)) -> 0.776678 | F15: =SUM(PRODUCT('AD Level 1'!F15, 0.4), PRODUCT('AD Level 2'!F15, 0.3), PRODUCT('AD Level 3'!F15, 0.2), PRODUCT('AD Level 4'!F15, 0.1)) -> 0.65918 | G15: =SUM(PRODUCT('AD Level 1'!G15, 0.4), PRODUCT('AD Level 2'!G15, 0.3), PRODUCT('AD Level 3'!G15, 0.2), PRODUCT('AD Level 4'!G15, 0.1)) -> 0.946702 | H15: =SUM(PRODUCT('AD Level 1'!H15, 0.4), PRODUCT('AD Level 2'!H15, 0.3), PRODUCT('AD Level 3'!H15, 0.2), PRODUCT('AD Level 4'!H15, 0.1)) -> 0.422718 | I15: =SUM(PRODUCT('AD Level 1'!I15, 0.4), PRODUCT('AD Level 2'!I15, 0.3), PRODUCT('AD Level 3'!I15, 0.2), PRODUCT('AD Level 4'!I15, 0.1)) -> 0.3937 | ... Y15: =SUM(PRODUCT('AD Level 1'!Y15, 0.4), PRODUCT('AD Level 2'!Y15, 0.3), PRODUCT('AD Level 3'!Y15, 0.2), PRODUCT('AD Level 4'!Y15, 0.1)) -> 0.337175
A17: Test
A19: Model Name | B19: F1 | C19: Precision | D19: Recall | E19: T1 F1 | F19: T1 Precision | G19: T1 Recall | H19: T2 F1 | I19: T2 Precision | J19: T2 Recall | K19: T3 F1 | L19: T3 Precision | M19: T3 Recall | N19: T4 F1 | O19: T4 Precision | P19: T4 Recall | Q19: T5 F1 | R19: T5 Precision | S19: T5 Recall | T19: T6 F1 | U19: T6 Precision | V19: T6 Recall | W19: T7 F1 | X19: T7 Precision | Y19: T7 Recall
A20: mode1 | B20: =SUM(PRODUCT('AD Level 1'!B20, 0.4), PRODUCT('AD Level 2'!B20, 0.3), PRODUCT('AD Level 3'!B20, 0.2), PRODUCT('AD Level 4'!B20, 0.1)) -> 0.409228 | C20: =SUM(PRODUCT('AD Level 1'!C20, 0.4), PRODUCT('AD Level 2'!C20, 0.3), PRODUCT('AD Level 3'!C20, 0.2), PRODUCT('AD Level 4'!C20, 0.1)) -> 0.389073 | D20: =SUM(PRODUCT('AD Level 1'!D20, 0.4), PRODUCT('AD Level 2'!D20, 0.3), PRODUCT('AD Level 3'!D20, 0.2), PRODUCT('AD Level 4'!D20, 0.1)) -> 0.436683 | E20: =SUM(PRODUCT('AD Level 1'!E20, 0.4), PRODUCT('AD Level 2'!E20, 0.3), PRODUCT('AD Level 3'!E20, 0.2), PRODUCT('AD Level 4'!E20, 0.1)) -> 0.649191 | F20: =SUM(PRODUCT('AD Level 1'!F20, 0.4), PRODUCT('AD Level 2'!F20, 0.3), PRODUCT('AD Level 3'!F20, 0.2), PRODUCT('AD Level 4'!F20, 0.1)) -> 0.53395 | G20: =SUM(PRODUCT('AD Level 1'!G20, 0.4), PRODUCT('AD Level 2'!G20, 0.3), PRODUCT('AD Level 3'!G20, 0.2), PRODUCT('AD Level 4'!G20, 0.1)) -> 0.83646 | H20: =SUM(PRODUCT('AD Level 1'!H20, 0.4), PRODUCT('AD Level 2'!H20, 0.3), PRODUCT('AD Level 3'!H20, 0.2), PRODUCT('AD Level 4'!H20, 0.1)) -> 0.411735 | I20: =SUM(PRODUCT('AD Level 1'!I20, 0.4), PRODUCT('AD Level 2'!I20, 0.3), PRODUCT('AD Level 3'!I20, 0.2), PRODUCT('AD Level 4'!I20, 0.1)) -> 0.28591 | ... Y20: =SUM(PRODUCT('AD Level 1'!Y20, 0.4), PRODUCT('AD Level 2'!Y20, 0.3), PRODUCT('AD Level 3'!Y20, 0.2), PRODUCT('AD Level 4'!Y20, 0.1)) -> 0.189821
A21: mode2 | B21: =SUM(PRODUCT('AD Level 1'!B21, 0.4), PRODUCT('AD Level 2'!B21, 0.3), PRODUCT('AD Level 3'!B21, 0.2), PRODUCT('AD Level 4'!B21, 0.1)) -> 0.427668 | C21: =SUM(PRODUCT('AD Level 1'!C21, 0.4), PRODUCT('AD Level 2'!C21, 0.3), PRODUCT('AD Level 3'!C21, 0.2), PRODUCT('AD Level 4'!C21, 0.1)) -> 0.421452 | D21: =SUM(PRODUCT('AD Level 1'!D21, 0.4), PRODUCT('AD Level 2'!D21, 0.3), PRODUCT('AD Level 3'!D21, 0.2), PRODUCT('AD Level 4'!D21, 0.1)) -> 0.440958 | E21: =SUM(PRODUCT('AD Level 1'!E21, 0.4), PRODUCT('AD Level 2'!E21, 0.3), PRODUCT('AD Level 3'!E21, 0.2), PRODUCT('AD Level 4'!E21, 0.1)) -> 0.681491 | F21: =SUM(PRODUCT('AD Level 1'!F21, 0.4), PRODUCT('AD Level 2'!F21, 0.3), PRODUCT('AD Level 3'!F21, 0.2), PRODUCT('AD Level 4'!F21, 0.1)) -> 0.57859 | G21: =SUM(PRODUCT('AD Level 1'!G21, 0.4), PRODUCT('AD Level 2'!G21, 0.3), PRODUCT('AD Level 3'!G21, 0.2), PRODUCT('AD Level 4'!G21, 0.1)) -> 0.841492 | H21: =SUM(PRODUCT('AD Level 1'!H21, 0.4), PRODUCT('AD Level 2'!H21, 0.3), PRODUCT('AD Level 3'!H21, 0.2), PRODUCT('AD Level 4'!H21, 0.1)) -> 0.410878 | I21: =SUM(PRODUCT('AD Level 1'!I21, 0.4), PRODUCT('AD Level 2'!I21, 0.3), PRODUCT('AD Level 3'!I21, 0.2), PRODUCT('AD Level 4'!I21, 0.1)) -> 0.286 | ... Y21: =SUM(PRODUCT('AD Level 1'!Y21, 0.4), PRODUCT('AD Level 2'!Y21, 0.3), PRODUCT('AD Level 3'!Y21, 0.2), PRODUCT('AD Level 4'!Y21, 0.1)) -> 0.190565
A22: mode3 | B22: =SUM(PRODUCT('AD Level 1'!B22, 0.4), PRODUCT('AD Level 2'!B22, 0.3), PRODUCT('AD Level 3'!B22, 0.2), PRODUCT('AD Level 4'!B22, 0.1)) -> 0.377223 | C22: =SUM(PRODUCT('AD Level 1'!C22, 0.4), PRODUCT('AD Level 2'!C22, 0.3), PRODUCT('AD Level 3'!C22, 0.2), PRODUCT('AD Level 4'!C22, 0.1)) -> 0.389786 | D22: =SUM(PRODUCT('AD Level 1'!D22, 0.4), PRODUCT('AD Level 2'!D22, 0.3), PRODUCT('AD Level 3'!D22, 0.2), PRODUCT('AD Level 4'!D22, 0.1)) -> 0.36662 | E22: =SUM(PRODUCT('AD Level 1'!E22, 0.4), PRODUCT('AD Level 2'!E22, 0.3), PRODUCT('AD Level 3'!E22, 0.2), PRODUCT('AD Level 4'!E22, 0.1)) -> 0.52696 | F22: =SUM(PRODUCT('AD Level 1'!F22, 0.4), PRODUCT('AD Level 2'!F22, 0.3), PRODUCT('AD Level 3'!F22, 0.2), PRODUCT('AD Level 4'!F22, 0.1)) -> 0.47108 | G22: =SUM(PRODUCT('AD Level 1'!G22, 0.4), PRODUCT('AD Level 2'!G22, 0.3), PRODUCT('AD Level 3'!G22, 0.2), PRODUCT('AD Level 4'!G22, 0.1)) -> 0.598265 | H22: =SUM(PRODUCT('AD Level 1'!H22, 0.4), PRODUCT('AD Level 2'!H22, 0.3), PRODUCT('AD Level 3'!H22, 0.2), PRODUCT('AD Level 4'!H22, 0.1)) -> 0.379875 | I22: =SUM(PRODUCT('AD Level 1'!I22, 0.4), PRODUCT('AD Level 2'!I22, 0.3), PRODUCT('AD Level 3'!I22, 0.2), PRODUCT('AD Level 4'!I22, 0.1)) -> 0.28671 | ... Y22: =SUM(PRODUCT('AD Level 1'!Y22, 0.4), PRODUCT('AD Level 2'!Y22, 0.3), PRODUCT('AD Level 3'!Y22, 0.2), PRODUCT('AD Level 4'!Y22, 0.1)) -> 0.226836
A23: mode4 | B23: =SUM(PRODUCT('AD Level 1'!B23, 0.4), PRODUCT('AD Level 2'!B23, 0.3), PRODUCT('AD Level 3'!B23, 0.2), PRODUCT('AD Level 4'!B23, 0.1)) -> 0.418754 | C23: =SUM(PRODUCT('AD Level 1'!C23, 0.4), PRODUCT('AD Level 2'!C23, 0.3), PRODUCT('AD Level 3'!C23, 0.2), PRODUCT('AD Level 4'!C23, 0.1)) -> 0.471479 | D23: =SUM(PRODUCT('AD Level 1'!D23, 0.4), PRODUCT('AD Level 2'!D23, 0.3), PRODUCT('AD Level 3'!D23, 0.2), PRODUCT('AD Level 4'!D23, 0.1)) -> 0.378799 | E23: =SUM(PRODUCT('AD Level 1'!E23, 0.4), PRODUCT('AD Level 2'!E23, 0.3), PRODUCT('AD Level 3'!E23, 0.2), PRODUCT('AD Level 4'!E23, 0.1)) -> 0.583667 | F23: =SUM(PRODUCT('AD Level 1'!F23, 0.4), PRODUCT('AD Level 2'!F23, 0.3), PRODUCT('AD Level 3'!F23, 0.2), PRODUCT('AD Level 4'!F23, 0.1)) -> 0.55435 | G23: =SUM(PRODUCT('AD Level 1'!G23, 0.4), PRODUCT('AD Level 2'!G23, 0.3), PRODUCT('AD Level 3'!G23, 0.2), PRODUCT('AD Level 4'!G23, 0.1)) -> 0.617277 | H23: =SUM(PRODUCT('AD Level 1'!H23, 0.4), PRODUCT('AD Level 2'!H23, 0.3), PRODUCT('AD Level 3'!H23, 0.2), PRODUCT('AD Level 4'!H23, 0.1)) -> 0.360572 | I23: =SUM(PRODUCT('AD Level 1'!I23, 0.4), PRODUCT('AD Level 2'!I23, 0.3), PRODUCT('AD Level 3'!I23, 0.2), PRODUCT('AD Level 4'!I23, 0.1)) -> 0.26623 | ... Y23: =SUM(PRODUCT('AD Level 1'!Y23, 0.4), PRODUCT('AD Level 2'!Y23, 0.3), PRODUCT('AD Level 3'!Y23, 0.2), PRODUCT('AD Level 4'!Y23, 0.1)) -> 0.232776
